,Unnamed: 0,Unnamed: 0.1,title,source,year,month,day
0,0,0,2018 NESO北京赛区电子竞技选拔赛开启,新浪体育,2018,11,14
1,1,1,我儿子2007年出生，他现在的愿望是考入清华大学电子竞技系,新浪育儿,2018,11,10
2,2,2,调查显示一部更大的手机可以帮助你赢得电子竞技锦标赛,cnbeta,2018,10,12
3,3,3,演绎传统体育与电子竞技的《傲慢与偏见》——RNG跑团,新浪体育,2018,9,29
4,4,4,新华社电子竞技调研之三：电竞=电子游戏吗？,新华社,2018,9,27
5,5,5,新华社电子竞技调研之二：“巨大吸引力”与“上瘾”,新华社,2018,9,27
6,6,6,电子竞技入亚分歧远未停止 未成年人谁来保障？,新华社,2018,9,27
7,7,7,2018省高校电子竞技联赛10月将决战南京,扬子晚报网,2018,9,19
8,8,8,快讯：电子竞技板块异动拉升 天神娱乐逼近涨停,新浪财经,2018,9,12
9,9,9,亚运中国十大亮点：农民成为冠军 电子竞技引热潮,体育综合,2018,9,5
10,10,10,奥委会主席巴赫：电子竞技除非移除暴力元素，否则不能入奥,新浪财经,2018,9,3
11,11,11,侠客岛:从玩物丧志到为国争光 电子竞技值得严肃探讨,侠客岛,2018,8,31
12,12,12,全球电子竞技市场崛起为品牌营销提供重大机遇,环球网,2018,8,30
13,13,13,霍启刚：想搭一座桥 让电子竞技走向正确的方向,新华社,2018,8,28
14,14,14,电子竞技 电竞比赛开赛 中国队首日夺冠,央视网,2018,8,27
15,15,15,视频-上海市电子竞技运动协会第二期专业裁判员培训班启动,新浪体育,2018,8,26
16,16,16,花旗：电子竞技将颠覆多个行业，并推动英伟达发展。高速互联网和,新浪财经,2018,8,24
17,17,17,电子竞技走进亚运会 不能成为沉迷网游的理由,新浪科技综合,2018,8,23
18,18,18,2018SEC首届山西电子竞技大赛火热开战,山西新闻网,2018,8,22
19,19,19,电子竞技首次成亚运会正式比赛项目：腾讯或成大赢家,新浪科技,2018,8,20
20,20,20,电子竞技不是沉迷游戏的理由,湖南日报,2018,8,15
21,21,21,快讯：晨鑫科技直线封板 带动电子竞技板块跟涨,新浪财经,2018,8,13
22,22,22,《电子竞技场馆运营服务规范》发布，关注相关标的,一财网,2018,8,9
23,23,23,国内首部《电子竞技场馆运营服务规范》正式发布,中国证券网,2018,8,8
24,24,24,电子竞技入选亚运会，如何助推电竞走向产业化？,中国新闻网,2018,8,8
25,25,25,电子竞技职业化还需努力 |新体谈,新京报,2018,8,7
26,26,26,电子竞技“国家队”将出征亚运会！一图了解电子竞技,海外网,2018,8,7
27,27,27,"电子竞技""国家队""将出征亚运会!一图了解电子竞技",海外网,2018,8,7
28,28,28,电子竞技“国家队”将出征亚运会！电竞=打游戏？真没那么简单……,央视新闻,2018,8,6
29,29,29,电子竞技“国家队”出征亚运会 电竞等同打游戏吗,央视新闻,2018,8,6
30,30,30,中国有R！跨越20000公里为电子竞技发声的全民运动,新浪体育,2018,8,3
31,31,31,电子竞技市场的中国脚步,中关村,2018,8,3
32,32,32,2018ChinaJoy前瞻：电子竞技成新蓝海,21世纪经济报道,2018,8,3
33,33,33,2018东方体育大讲堂首开 业内人士共议电子竞技在沪发展,中国证券网,2018,8,2
34,34,34,打游戏为国争光？电子竞技早就职业化了,中国青年报,2018,8,1
35,35,35,电子竞技迎繁荣时代 中国战队获《绝地求生》冠军,21世纪经济报道,2018,8,1
36,36,36,电子竞技迎来繁荣时代 中国战队斩获《绝地求生》世界冠军,21世纪经济报道,2018,8,1
37,37,37,电子竞技迎来繁荣时代 中国战队《绝地求生》夺冠,21世纪经济报道,2018,8,1
38,38,38,关注 | “电子竞技”要组“国家队”！网友连呼“感动”,参考消息,2018,7,30
39,39,39,"国家体育总局发布通知""电子竞技""要组""国家队""!网友连呼""感动""",华声在线,2018,7,30
40,40,40,重庆市委陈敏尔调研忠县，到访大唐网络重庆忠县电子竞技产业孵化中心,海峡风,2018,7,30
41,41,41,关于举办2018年全国电子竞技公开赛的通知附规程,新浪体育综合,2018,7,30
42,42,42,国家体育总局：12月举办2018全国电子竞技公开赛,证券时报网,2018,7,29
43,43,43,国家体育总局：举办2018年全国电子竞技公开赛,新浪财经,2018,7,29
44,44,44,外媒：中国成为国际电子竞技领域有力竞争者,新华国际,2018,7,29
45,45,45,电子竞技哪家强？中国山东找蓝翔！,PingWest,2018,7,26
46,46,46,图集：Leaders峰会解读中国电子竞技,其他,2018,7,25
47,47,47,中国电子竞技产业高速发展，市场规模或超880亿元,新浪财经,2018,7,10
48,48,48,中国电子竞技产业高速发展 市场规模或超880亿元,中国新闻网,2018,7,10
49,49,49,伽马数据：2018电子竞技用户将达到4.3亿人，市场规模将超880亿元,新浪财经,2018,7,10
50,50,50,电子竞技项目或将有机会进入奥运会,财经网,2018,6,29
51,51,51,中国手游在韩卖11个亿 亚运会电子竞技成绩一般,体育综合,2018,6,25
52,52,52,澳门电子竞技总会长：澳门将成国际电竞接轨点,中国新闻网,2018,6,19
53,53,53,CEC2018苏州激情开幕！中国电子竞技嘉年华总部基地落户苏州,扬子晚报网,2018,6,18
54,54,54,腾讯掘金电子竞技：赛制借鉴NBA模式 版权费超亿元,澎湃新闻,2018,6,17
55,55,55,腾讯掘金电子竞技:赛制借鉴NBA 赛事版权费超亿元,澎湃新闻,2018,6,17
56,56,56,中国电子竞技嘉年华苏州开幕,新华日报,2018,6,17
57,57,57,忠县：以电子竞技促进全民健身运动全面开展,重庆日报,2018,6,12
58,58,58,游戏盛会E3开幕，巨头布局电子竞技,华盛证券,2018,6,11
59,59,59,辽宁省第十三届运动会电子竞技比赛总决赛圆满落幕,华商晨报,2018,6,11
60,60,60,电子竞技开启PC全新领域 多家厂商再度发力,新华网,2018,6,7
61,61,61,世界冠军组队跨界电子竞技项目 盼电竞未来入奥运,中国新闻网,2018,5,31
62,62,62,为电子竞技裁判员送上法治课,检察日报,2018,5,31
63,63,63,贵阳将举办首届“数谷之心”杯电子竞技赛,人民日报海外版海外网,2018,5,24
64,64,64,电子竞技离奥运赛场还远吗,南京日报,2018,5,17
65,65,65,辽宁省第十三届运动会电子竞技比赛即将开赛,华商晨报,2018,5,17
66,66,66,腾讯首席战略官：电子竞技会成为重要收入来源。,新浪财经,2018,5,16
67,67,67,打游戏也可为国争光 电子竞技入选亚运会表演项目,体育综合,2018,5,14
68,68,68,推荐电子竞技专业受争议,经济日报,2018,5,10
69,69,69,土特产遇上电子竞技,中国经济网,2018,5,8
70,70,70,2018年UCL中国大学生电子竞技联赛圆满落幕,新浪体育,2018,5,7
71,71,71,中国一东盟电子竞技大赛9月举行 赛事覆盖东盟十国,中国新闻网,2018,4,29
72,72,72,2018中国一东盟电子竞技大赛在南宁启动,新浪财经,2018,4,29
73,73,73,我能用国足参加国际足联的电子竞技世界杯吗？,人民日报海外版海外网,2018,4,12
74,74,74,电子竞技将亮相京交会,中国体育报,2018,4,2
75,75,75,霍启刚：电子竞技可登亚运奥运大雅之堂,中国青年报,2018,3,28
76,76,76,电子竞技奥运路还有多长 最大限度规避游戏副作用,新华社,2018,3,20
77,77,77,第二届世界电子竞技运动会全球总决赛闭幕 中国女子CS：GO获亚军,中国新闻网,2018,3,19
78,78,78,中国青年电子竞技大赛天津站正式启动,中国新闻网,2018,3,18
79,79,79,阿里巴巴希望电子竞技成奥运项目 但不能有暴力血腥,新浪科技,2018,3,13
80,102,102,国内思想周报|妇女节性别问题大讨论；电子竞技登上北大课堂,澎湃新闻,2018,3,12
81,103,103,电子竞技有佳人 WESG总决赛女子选手成靓丽风景,新浪体育,2018,3,9
82,104,104,顶级家电与消费电子展开幕 上市公司竞技智慧生活,上海证券报,2018,3,9
83,105,105,法媒：电子竞技在中国众多校园渐成热门课,环球网,2018,2,24
84,106,106,马云：中国项目入奥不能太功利 电子竞技不同游戏,新华网,2018,2,10
85,107,107,一亿元股权激励！电子竞技哪家强，中国山东找蓝翔,澎湃新闻,2018,2,8
86,108,108,逾千万观众在看电子竞技 哪些公司有望瓜分蛋糕？,中国证券网,2018,1,21
87,109,109,中国高校电子竞技联盟成立，由中国传媒大学牵头,澎湃新闻,2018,1,16
88,110,110,ViewSonic优派助阵2017国际电子竞技嘉年华,小熊在线,2018,1,13
89,111,111,电子竞技调研报告：我们拿什么跟电竞抢孩子？,中青在线,2018,1,12
90,112,112,我们拿什么跟电竞抢孩子？——一份关于电子竞技的调研报告,新华网,2018,1,11
91,113,113,电子竞技产业迅猛发展 玩游戏再也不是“不务正业”了,创业邦,2018,1,7
92,114,114,绿地向电子竞技场景运营商战略投资6000万元,界面,2018,1,5
93,115,115,绿地集团跨界进军电子竞技产业,新浪财经,2018,1,5
94,116,116,2017年成中国电子竞技元年 三大理由显示行业步入正轨,中国新闻网,2018,1,2
95,117,117,电子竞技哪家强？ 网友：也到中国山东找蓝翔,环球网,2017,12,27
96,118,118,2017电子竞技中韩对抗赛 两国电玩高手常州上演龙争虎斗,中国新闻网,2017,12,22
97,119,119,平昌电子竞技锦标赛资格赛举行,中国体育报,2017,12,22
98,123,123,图集：2017海峡两岸大学生电子竞技大赛在南京火热开赛,其他,2017,12,20
99,124,124,用手比拼 用眼浏览 用嘴品尝 用心交流 两岸大学生电子竞技大赛在宁开赛,南京晨报,2017,12,20
100,125,125,2017全国电子竞技公开赛总决赛在蓉举行,成都商报,2017,12,16
101,126,126,“菠菜” —— 电子竞技大潮之上的“赌博疑云”,DoNews,2017,12,15
102,127,127,世界大学生电子竞技联赛全球总决赛 湖南两支战队夺冠,华声在线,2017,12,12
103,128,128,中国电子竞技产业迎井喷式发展 85%相关就业岗位虚位以待,参考消息,2017,12,12
104,129,129,从黑网吧到鸟巢，中国电子竞技走了多久？,智通财经网,2017,12,11
105,130,130,中国信息科技可能收购线上电子竞技比赛平台Polar Imagination Li,新浪财经,2017,11,29
106,131,131,中国信息科技(08178)就或收购线上电子竞技比赛平台不多于51%股权订立谅解备忘录,智通财经网,2017,11,29
107,132,132,中国信息科技(08178-HK)拟收购线上电子竞技比赛平台业务,财华社,2017,11,29
108,133,133,电子竞技：中国开放的新维度,海外网,2017,11,28
109,134,134,推进电子竞技产业规范化发展,经济日报,2017,11,28
110,135,135,电子竞技纯手速玩家的好消息 原来的辅助软件都属于挂,IT时代网,2017,11,25
111,136,136,2017 CHINA TOP国家杯电子竞技大赛全球总决赛完美收官,中国新闻网,2017,11,24
112,137,137,电子竞技为厦门开辟经济发展新模式,中国体育报,2017,11,15
113,138,138,第九届世界电子竞技锦标赛比赛第二日 中国两项目进入四分之一决赛,体育总局网站,2017,11,13
114,139,139,中国电子竞技代表队出征第9届世界电子竞技锦标赛 首个比赛日顺利结束,体育总局网站,2017,11,10
115,143,143,将电子竞技视为“运动”,经济日报,2017,11,9
116,144,144,安徽省彩民运动会电子竞技比赛落幕,新浪彩通,2017,11,7
117,145,145,高校电子竞技是富矿 如何开采费思量,cnbeta,2017,11,5
118,146,146,蓝翔开设“电竞”专业引热议！你还以为电子竞技就只是游戏么?,中国日报,2017,11,3
119,147,147,电子竞技“转正” 还需消除网游影响,新华日报,2017,11,3
120,148,148,忠县电子竞技公共服务平台上线,重庆商报,2017,11,2
121,149,149,迎风口踏浪尖 里昂EDG电子竞技俱乐部正式成立,新浪综合,2017,10,31
122,150,150,国际奥委会声明：eSports电子竞技将有望成为奥运项目,cnbeta,2017,10,31
123,151,151,"打游戏成正经事?国际奥委会同意将电子竞技视为""运动""",新华社,2017,10,31
124,152,152,国际奥委会发话 电子竞技终于成为“运动”,环球网,2017,10,30
125,153,153,电子竞技是体育运动吗？国际奥委会表态：是！,新浪体育,2017,10,29
126,154,154,上课打游戏 浙江高校设置电子竞技课(图),新浪综合,2017,10,13
127,155,155,伽马数据：明年电子竞技用户或近3亿,中国新闻网,2017,10,10
128,156,156,中国电子竞技进入最好的时代 网游用户达4.2亿,证券时报,2017,10,10
129,157,157,中国数码文化(08175-HK)收购电子竞技教育业务,财华社,2017,10,7
130,158,158,中国数码文化(08175)拟收购夏鹰全部股权以发展专业电子竞技玩家战队,智通财经网,2017,10,6
131,159,159,第19届齐鲁动漫展正在进行！震撼的舞台剧！激情的电子竞技！火爆的摊位！精彩回顾！,山东商报,2017,10,2
132,163,163,国家杯电子竞技大赛昆山精英赛开赛 为国家队储备人才,中国新闻网,2017,9,29
133,164,164,宅舞秀、电子竞技、千元大奖 国庆期间小时代乐园嗨翻天！,重庆晨报,2017,9,29
134,165,165,出海记｜英媒：阿里体育技术支持AIMAG2017电子竞技比赛,参考消息,2017,9,29
135,166,166,亚洲室内武道运动会落幕 中国成电子竞技项目最大赢家,新浪体育,2017,9,28
136,167,167,电竞馆现热潮：依附于电子竞技产业 该如何赚钱？,界面,2017,9,27
137,168,168,图集：中国电子竞技博览会举行女子组合助阵劲歌热舞,SIPA图片社,2017,9,24
138,169,169,国家杯电子竞技精英赛将在江苏昆山拉开战幕,中国新闻网,2017,9,19
139,170,170,购物中心跨界电子竞技 K11与英雄互娱签署合作,21世纪经济报道,2017,9,11
140,171,171,西媒：电子竞技比赛未来或有官方队伍参加 市场前景广阔,参考消息,2017,9,5
141,172,172,电子竞技有望加入奥运会？巴赫：暴力游戏没有容身之地,参考消息,2017,9,1
142,173,173,2017年东莞电子竞技大赛落幕,东莞时间网,2017,8,30
143,174,174,2017年全国电子竞技公开赛正式启动,中国新闻网,2017,8,29
144,175,175,体育观察：电子竞技能否进入全运会？,新华网,2017,8,27
145,176,176,F1宣布推出电子竞技世界冠军赛：9月拉开帷幕,cnbeta,2017,8,22
146,177,177,东北文博会24日举行　能看到电子竞技大赛,辽一网-华商晨报,2017,8,17
147,178,178,今年新增电子竞技比赛项目,齐鲁晚报,2017,8,15
148,179,179,“百货商业杯”2017天津电子竞技锦标赛揭幕,中国新闻网,2017,8,12
149,183,183,2017天津电子竞技锦标赛揭幕,中国新闻网,2017,8,12
150,184,184,电子竞技概念股午后活跃 天神娱乐领涨,中国网财经,2017,8,11
151,185,185,巴黎申办小组：电子竞技有望加入2024年奥运会项目,TechWeb,2017,8,10
152,186,186,电子竞技有望成2024年奥运会比赛项目,界面,2017,8,9
153,187,187,电子竞技行业火热 或成2024年奥运会比赛项目,界面,2017,8,9
154,188,188,电子竞技有可能成为2024年奥运会项目,PingWest,2017,8,9
155,189,189,CJ首日：遍布场馆的娃娃机、直播Girl和电子竞技区,新浪科技,2017,7,28
156,190,190,天津全运会再促创新 商体结合办电子竞技锦标赛,中国新闻网,2017,7,28
157,191,191,午盘：冲高回落沪指跌0.14% 电子竞技午前骤涨,新华网,2017,7,25
158,192,192,大型移动电子竞技全国总决赛落幕,湖南日报,2017,7,25
159,193,193,电子竞技市场火爆 游戏设备商雷蛇赴港IPO,北京商报,2017,7,4
160,194,194,王者荣耀火爆引沉迷 电子竞技依旧被污名化吗？,北京商报,2017,7,3
161,195,195,两市午后震荡延续沪指跌0.21% 电子竞技领跌,中国经济网,2017,6,30
162,196,196,下个投资风向标，电子竞技？158家公司上市，2017市场销售将破700亿！,央视财经,2017,6,28
163,197,197,中国部分高校开始设置电子竞技专业 今年开始招生,21世纪经济报道,2017,6,27
164,198,198,首批高校电子竞技专业将招生岗位“大缺口”急需人才填补,21世纪经济报道,2017,6,27
165,199,199,电子竞技：站在“风口”上，“钱”途在何方,经济日报,2017,6,26
166,202,202,电子竞技崛起背后：沉迷者的热情与腐化,新浪综合,2017,6,25
167,203,203,电子竞技崛起：背后代价是沉迷和腐化？,新浪综合,2017,6,25
168,204,204,电子竞技真能名利双收？其实难度远远高于考上清华,新浪综合,2017,6,24
169,205,205,电子竞技真能名利双收？难度要高于考清华,环球网,2017,6,23
170,206,206,打游戏能名利双收？带你看电子竞技背后的辛酸,新华网,2017,6,22
171,207,207,项目改革都是瞎折腾 能拯救奥运会的只有电子竞技,澎湃,2017,6,21
172,208,208,电竞生态新纪元！中国首个CBA电子竞技俱乐部成立 ,新浪体育,2017,6,20
173,209,209,两市小幅回落沪指涨0.41% 电子竞技板块领涨,中国经济网,2017,6,19
174,210,210,快讯：两市小幅跳水沪指涨0.41% 电子竞技板块领涨,新浪财经,2017,6,19
175,211,211,电子竞技火爆背后，可美了电竞设备商们,中关村在线,2017,6,17
176,212,212,体育总局拟于12月举办2017全国电子竞技公开赛,中国证券网,2017,6,16
177,213,213,图集：走近巴西利亚校园电子竞技大赛,SIPA图片社,2017,6,16
178,214,214,行业风口已停，无人机赛还能成为下一个电子竞技吗？,创事记,2017,6,16
179,215,215,京东收购LPL战队 进军电子竞技职业联赛,界面,2017,6,15
180,217,217,传统电子游戏正在放缓 VR和电子竞技将快速增长,太平洋电脑网,2017,6,10
181,218,218,亚奥理事会：韩国电子竞技协会无权干涉亚室会事务,新浪综合,2017,6,8
182,219,219,广西电子竞技运动协会在我市成立,南宁市政府网站,2017,6,4
183,228,228,WESG世界电子竞技运动带动地方电竞产业发展,TechWeb,2017,6,2
184,229,229,首个《电子竞技场馆建设标准》发布,北京商报,2017,6,2
185,230,230,2017互联网趋势报告：电子竞技爆炸式增长,新浪科技,2017,6,1
186,231,231,电子竞技带来半导体行业新机遇,新浪港股,2017,5,19
187,232,232,首届电子竞技公开赛启动 三大项目奖金超30万,重庆商报,2017,5,17
188,233,233,重庆启动首届电子竞技公开赛 30万奖金助力选手电竞梦,中国新闻网,2017,5,16
189,234,234,电子竞技迎来全民风口,新华网,2017,5,12
190,235,235,上海高校试点“电子竞技”专业,中国新闻网,2017,5,9
191,236,236,电子竞技学历教育兴起后，电竞产业的处境依然尴尬,DoNews,2017,5,5
192,237,237,世界大学生电子竞技联赛火热开赛，追逐你的电竞梦,中国新闻网,2017,5,2
193,238,238,阿里体育和亚洲奥林匹克理事会达成合作，电子竞技将成为2022杭州亚运会正式比赛项目,港股那点事,2017,4,25
194,239,239,电子竞技选手都用什么显示器？,IT168.com,2017,4,24
195,247,247,电子竞技登上“大雅之堂” 中国电竞渐入快速发展期,中国新闻网,2017,4,22
196,248,248,苏州太仓打造电子竞技小镇 将引进10家知名俱乐部,中国新闻网,2017,4,20
197,249,249,视频：电子竞技将成为亚运会正式项目,秒拍,2017,4,18
198,250,250,玩游戏=没前途？亚运会正式设立电子竞技比赛项目,新浪娱乐,2017,4,18
199,251,251,电子竞技进入2022年杭州亚运会 成正式比赛项目,大洋网-广州日报,2017,4,18
200,252,252,“电子竞技”将成为杭州亚运会正式比赛项目,扬子晚报,2017,4,18
201,253,253,关注电子竞技等三大板块,重庆商报,2017,4,18
202,254,254,电子竞技成亚运新项目,大洋网-广州日报,2017,4,18
203,255,255,电子竞技将成为杭州亚运会正式比赛项目,中国青年报,2017,4,17
204,256,256,2017全国移动电子竞技大赛即将开赛,东方网,2017,4,14
205,257,257,重庆忠县融资14亿元建电子竞技场馆,新浪综合,2017,4,13
206,258,258,我市将投建专业电子竞技场馆,重庆日报,2017,4,13
207,259,259,CMEG2017全国移动电子竞技大赛本月开赛 五大项目邀全民参与,华龙网,2017,4,12
208,263,263,信息化和软件服务业司参加2017中国电子竞技创新年会,工信部网站,2017,4,12
209,264,264,IGG：王牌游戏王国纪元加入电子竞技元素,财华社,2017,4,5
210,265,265,上海：亚洲电子竞技赛 12支顶级战队角逐,央视,2017,4,3
211,266,266,快讯：电子竞技概念股午后发力 壹桥股份领涨,中国网,2017,3,28
212,267,267,电子竞技概念股午后发力 壹桥股份领涨,中国网,2017,3,28
213,268,268,沪指跳空跌0.47% 电子竞技概念股领跌,中国经济网,2017,3,22
214,269,269,开盘：沪指跳空跌0.47% 电子竞技概念股领跌,中国网,2017,3,22
215,270,270,电子竞技湖南省决赛在长沙举行,华声在线,2017,3,20
216,271,271,电子竞技湖南省决赛举行,红网,2017,3,20
217,272,272,2017“CHINA CUP冠军杯”开战 4国选手共享“电子竞技派对”,中国新闻网,2017,3,17
218,273,273,图集：电子竞技“CHINA CUP”冠军杯打响第一战,其他,2017,3,17
219,274,274,2017北京电子竞技公开赛3月启动报名 支持“电竞”青年创业,中国新闻网,2017,2,27
220,275,275,厉害了！皮克宣布进军电子竞技:我要搞个大项目,体坛+,2017,2,24
221,276,276,新闻链接·电子竞技：“玩”出来的大产业,央视,2017,2,21
222,277,277,应书岭：时代造就了电子竞技“出海”的必然性,经济观察网,2017,2,10
223,278,278,电子竞技也有本科：中传本部试水 今年招生20人,体坛+,2017,1,24
224,279,279,美国多所大学举行《英雄联盟》电子竞技比赛,新浪科技,2017,1,23
225,286,286,创客晚报|李彦宏妻子马东敏回归百度；传媒大学列电子竞技专业,新京报,2017,1,21
226,287,287,电子竞技列入本科专业 高校：并非培养职业玩家,新浪收藏,2017,1,21
227,288,288,电子竞技成为大学专业未尝不可,红网,2017,1,21
228,289,289,电子竞技列入本科专业 打游戏也能科班出身？,央视,2017,1,20
229,290,290,新奇 | 电子竞技列入本科专业 打游戏也能科班出身？,央视新闻公众号,2017,1,20
230,291,291,电子竞技列入本科专业 高校:并非培养职业玩家,中国新闻网,2017,1,20
231,292,292,南广艺考进行中 新设电子竞技专业夺眼球,中国江苏网,2017,1,15
232,293,293,电子竞技全球总决赛常州开赛,新华日报,2017,1,13
233,294,294,WECG全球电子竞技大赛:想要开启“全民电竞”时代,界面,2017,1,5
234,295,295,全国电子竞技公开赛总决赛深圳开赛 采用全运会模式,中国新闻网,2016,12,30
235,296,296,山东省电子竞技运动协会成立_fina,齐鲁晚报,2016,12,28
236,297,297,“体育+文化”双轮驱动电子竞技发展,体育总局网站,2016,12,22
237,298,298,WCA世界电子竞技大赛引关注 中国电竞强势崛起,中国新闻网,2016,12,20
238,299,299,电子竞技产业20年：从“洪水猛兽”到“世界语言”,新浪综合,2016,12,17
239,303,303,图集：电子竞技Dota2世界冠军Wings战队,新浪,2016,12,15
240,304,304,四川省电子竞技运动协会成立 促进电竞运动发展,新浪体育,2016,12,15
241,305,305,台高校新设奇葩专业：电子竞技、茶业等位列其中,环球时报,2016,12,12
242,306,306,NBA球队瞄准电子竞技,大洋网-广州日报,2016,12,4
243,307,307,K+电竞广场开业 湖南电子竞技行业再添生力军,红网,2016,12,2
244,308,308,省电子竞技发展 调研座谈会召开,扬子晚报,2016,11,25
245,309,309,NESO全国电子竞技公开赛湖南强势出征,红网,2016,11,23
246,310,310,教给谁？谁来教？怎么教？—三问电子竞技人才培养,中国政府网,2016,11,22
247,311,311,教谁？谁教？咋教？——三问电子竞技人才培养,新华网,2016,11,22
248,312,312,首届中韩电子竞技对抗赛圣诞节在无锡进行 ,新华网,2016,11,21
249,313,313,2016上海首届高校电子竞技比赛总决赛圆满落幕,新浪体育,2016,11,21
250,314,314,电子竞技 “玩”出来的大产业,北京晨报,2016,11,18
251,315,315,VR大腕接轨NEST：老板们也爱电子竞技,中国经济网,2016,11,17
252,316,316,电子竞技专业试卷走红网络 英雄联盟成绩近四成不及格,TechWeb,2016,11,8
253,317,317,“网吧+”打造多元业态 电子竞技或成风口,南方日报,2016,10,28
254,318,318,体育竞技电子竞技交融发展,中国体育报,2016,10,21
255,319,319,在美国 电子竞技正在逐步蚕食传统体育项目的观众,界面,2016,10,20
256,323,323,科老板退役后副业颇多 未来或将踏足电子竞技,新浪体育,2016,10,19
257,324,324,首届中国电子竞技颁奖盛典在北京举行,中国新闻网,2016,10,19
258,325,325,国内首个“电子竞技运动与管理”专业落户,中国青年报,2016,10,17
259,326,326,世界电子竞技运动会中国总决赛结束 Tyloo拿到赛季第15冠,新京报,2016,10,5
260,327,327,湖南申报“电子竞技运动与管理”专业获批,中国体育报,2016,9,29
261,328,328,专业申报获批 电子竞技将名正言顺走进高校,红网,2016,9,28
262,329,329,国内首个“电子竞技运动与管理”专业落户湖南体育职院,中国青年报,2016,9,28
263,330,330,费城76人队宣布收购电子竞技团队 ,新浪综合,2016,9,27
264,331,331,电子竞技成新专业 广东高职欲“尝鲜”,羊城晚报,2016,9,13
265,332,332,电子竞技专业进高校：会否引报考热潮？,新华网,2016,9,12
266,333,333,电子竞技专业进高职院校：会否引来报考热潮？,新华社,2016,9,11
267,334,334,电子竞技成新增专业 普通职业选手月入两三万,扬子晚报,2016,9,8
268,335,335,教育部新增补专业13个 电子竞技在列,现代快报,2016,9,7
269,336,336,电子竞技列为高校新专业 斗地主成体育项目,界面,2016,9,7
270,337,337,教育部增设电子竞技专业 玩游戏也能拿学历,新浪教育,2016,9,7
271,338,338,电子竞技成为高职专业 妈妈再也不担心我玩游戏不务正业了,TechWeb,2016,9,6
272,339,339,网龙明年推电子竞技平台,财华社,2016,9,6
273,343,343,电子竞技成专业：从“不务正业”到“上得厅堂”,中国新闻网,2016,8,26
274,344,344,人人都在看里约奥运会 电子竞技何时能进入奥运会？,界面,2016,8,8
275,345,345,电子竞技入奥运会？接纳度是最大问题,一财网,2016,8,2
276,346,346,中国电子竞技嘉年华全球赛事启动,中国体育报,2016,8,2
277,347,347,电子竞技由繁入简 休闲竞技游戏成新趋势,证券时报,2016,8,1
278,348,348,国际电子竞技联盟牵约中国合作伙伴 申请入奥等待回复,新浪体育,2016,7,27
279,349,349,全国电子竞技城市争霸赛湖南开赛,红网,2016,7,24
280,350,350,电子竞技也要有经纪人？,大洋网-广州日报,2016,7,24
281,351,351,电竞火爆的背后 泛娱乐+电子竞技如何布局高校市场？,一财网,2016,7,19
282,352,352,成都电子竞技走向产业化,四川在线-四川日报,2016,7,15
283,353,353,在电子竞技圈 没有一个大主播是真正依靠直播崛起的,南方人物周刊,2016,7,13
284,354,354,百视通总冠名G联赛 全平台直播电子竞技,南都周刊,2016,7,7
285,355,355,清华同方机械革命助力北京电子竞技公开赛,新浪手机,2016,7,4
286,356,356,天津泰达成立中超首家电子竞技足球俱乐部,中国证券网,2016,7,1
287,357,357,香港动漫电玩节将迎“成人礼” 开大型电子竞技派对,中国新闻网,2016,6,28
288,358,358,最近一周机构力推的50只股票 北辰实业意欲切入电子竞技产业,投资者报,2016,6,20
289,359,359,北辰实业:布局电子竞技行业 会展龙头持续兑现,中证网,2016,6,16
290,363,363,北辰实业：布局电子竞技行业，会展龙头持续兑现,证券时报网,2016,6,16
291,364,364,北京北辰伙同方传媒拟承办大型电子竞技赛事,大智慧阿思达克通讯社,2016,6,14
292,365,365,北辰实业下属公司牵手同方传媒 电子竞技领域展开合作,证券时报网,2016,6,14
293,366,366,江苏省电子竞技大赛在常州落下帷幕,扬子晚报,2016,6,8
294,367,367,雷柏科技：键鼠传统主业仍是业绩支撑，电子竞技是重要增长点,证券时报网,2016,6,7
295,368,368,电子竞技全国季军搭被专车司机挑断手筋 司机已被拘留,法制晚报,2016,6,5
296,369,369,电子竞技全国季军搭滴滴专车遭砍 被司机挑断手筋,财经网,2016,6,5
297,370,370,电子竞技选手遭滴滴司机挑断手筋,综合,2016,6,5
298,371,371,电子竞技全国季军搭滴滴专车被司机挑断手筋,新浪科技,2016,6,5
299,372,372,电子竞技选手与专车司机发生争执 遭其挑断手筋,综合,2016,6,5
300,373,373,首届中国电子竞技嘉年华11月举行,中国体育报,2016,5,17
301,374,374,2016中国电子竞技嘉年华倒计时 概念股望爆发(附股),证券时报网,2016,5,16
302,375,375,2016中国电子竞技嘉年华倒计时 概念股,证券时报网,2016,5,16
303,376,376,国家体育总局将首次牵头举办电子竞技嘉年华,21世纪经济报道,2016,5,15
304,377,377,电子竞技成教育文化信息消费创新行动亮点,中国证券网,2016,4,26
305,378,378,文化部将启动文化娱乐业转型升级 电子竞技望成重要内容,中国证券网,2016,4,25
306,379,379,电子竞技蓬勃向上 首选曲面液晶显示器,中关村在线,2016,4,25
307,388,388,完美世界CEO萧泓：电子竞技是2016最大浪潮,21世纪经济报道,2016,4,1
308,389,389,美媒：中国电子竞技在矛盾中发展 民众对其存有偏见,环球时报,2016,3,31
309,390,390,电子竞技大赛也开始严防兴奋剂,中国青年报,2016,3,30
310,391,391,加快建设电子竞技生态,经济日报,2016,3,29
311,392,392,首届全国移动电子竞技大赛将开 概念股望爆发(附股),证券时报网,2016,3,22
312,393,393,A股低开震荡失守3000点，电子竞技概念股掀涨停潮,21世纪经济报道,2016,3,22
313,394,394,全国首届移动电子竞技大赛将开 概念股,中国证券网,2016,3,22
314,395,395,省电子竞技赛事启动,浙江日报,2016,3,20
315,396,396,全国移动电子竞技大赛将从４月开始进行,新华网,2016,3,19
316,397,397,佛山首届英雄联盟电子竞技精英大赛开打！,羊城晚报,2016,3,16
317,398,398,我国电子竞技行业将正式走上快车道,中国产经新闻报,2016,3,15
318,399,399,国际电子竞技联盟携手WCA 欲打造电竞奥运,齐鲁晚报,2016,3,15
319,401,401,深赛格牵手网咖布点“电子竞技”实体店,证券时报,2016,3,15
320,402,402,深赛格与上海网鱼信息签署战略合作协议 协同布点“电子竞技”实体店,中国资本证券网,2016,3,14
321,403,403,深赛格牵手国内最大“网咖”进军电子竞技,证券时报网,2016,3,14
322,404,404,金亚科技布局游戏产业生态链 建立电子竞技学院,中国新闻网,2016,3,13
323,405,405,国旅联合股份有限公司关于签订中国电子竞技嘉年华合作协议书的公告,上海证券报,2016,3,11
324,406,406,电子竞技：粉丝生意之后的IP大战,创事记,2016,3,8
325,407,407,CCTV再度聚焦电子竞技 产业成熟资本圈地,齐鲁晚报,2016,2,26
326,408,408,电子竞技观众比肩NBA 中国电竞超韩国成最大市场,四川在线-华西都市报,2016,2,24
327,409,409,国外的最新电子竞技生态地图一月版,36氪,2016,2,4
328,410,410,浙报传媒:布局大数据、社区养老和电子竞技 未来空间大,中证网,2016,2,3
329,411,411,图集：海南第五届“问道杯”电子竞技大赛总决赛拉开战幕,新浪旅游,2016,1,18
330,412,412,电子竞技 身手不凡,中国体育报,2016,1,15
331,413,413,第二届电子竞技高校总决赛开幕 千余所高校参赛,新浪体育,2016,1,10
332,414,414,第二届电子竞技高校总决赛开幕 冠军队将赴日本交流,东方网,2016,1,10
333,415,415,全国首档电子竞技题材影视剧项目沪上启动,东方网,2016,1,9
334,416,416,电竞主管部门：将办移动电子竞技大赛 或含棋牌,新浪体育,2016,1,1
335,417,417,苏宁战略布局电子竞技 全产业链式投入,经济观察网,2015,12,29
336,418,418,莱茵体育:切入电子竞技 体育生态圈建设再迈步,中证网,2015,12,28
337,419,419,移动电子竞技大赛将开 抢滩港股四板块,智通财经网,2015,12,26
338,440,440,山西电子竞技运动会总决赛在两博会精彩上演,新浪彩票,2015,10,15
339,441,441,魅力新山西 精彩两博会：我省电子竞技委员会成立,山西日报,2015,10,14
340,442,442,万好万家:布局电子竞技 加码二次元 业绩拐点将现,中证网,2015,10,9
341,443,443,玉米科技成为CIG中国电子竞技大会战略合作伙伴,新浪游戏,2015,9,29
342,444,444,国内首例电子竞技游戏网络直播不正当竞争纠纷案一审宣判,法制网-法制日报,2015,9,24
343,445,445,中国大陆首例电子竞技比赛直播不正当竞争纠纷判决,中国新闻网,2015,9,24
344,446,446,2015全国电子竞技公开赛深圳选拔赛即将开赛,新浪游戏,2015,9,23
345,447,447,被王思聪点燃的电子竞技，还有三个未解难题,创事记,2015,9,21
346,448,448,光明日报：别用有色眼镜看电子竞技产业,新浪游戏,2015,9,18
347,449,449,电子竞技行业应该如何包装？选手需要更加明星化,新浪游戏,2015,9,14
348,450,450,电子竞技，你的魅力不可抵挡,经济日报,2015,9,13
349,451,451,视频：我要做电子竞技达人,,2015,9,10
350,452,452,“铁幕杯”国际电子竞技比赛落下帷幕,国际在线,2015,9,10
351,453,453,深度：电子竞技坚持四年 王思聪绝不是玩票,新浪游戏,2015,9,7
352,454,454,电子竞技坚持四年 他绝不是玩票,深圳晚报,2015,9,7
353,455,455,商业模式逐渐成熟 全球电子竞技规模已达16亿元,新浪游戏,2015,9,1
354,456,456,NEST全国电子竞技大赛获冠名 移动互联网助力网游,新浪体育,2015,8,29
355,457,457,风暴英雄入选全国电子竞技大赛 8月开战,,2015,8,19
356,458,458,【电子竞技开课】学校开设CS和DOTA2课程,国际在线,2015,8,14
357,459,459,国家体育总局：积极推进中国电子竞技发展,中国新闻网,2015,8,9
358,461,461,从ＷＣＡ火爆ＣＪ看中国电子竞技崛起之路,北京晨报,2015,8,7
359,462,462,图集：云南首家电子竞技生活中心开业 致力打造专业电游平台,新浪旅游,2015,8,1
360,463,463,专题：WCA2015世界电子游戏竞技大赛,,2015,7,14
361,464,464,深圳电子竞技崛起 Reic战队一鸣惊人,深圳晚报,2015,7,14
362,465,465,百万大奖 NEST2015全国电子竞技大赛启动,新浪体育,2015,7,6
363,466,466,DK电子竞技俱乐部风暴英雄韩国分部成立,,2015,7,6
364,467,467,我省助推网吧升级启动电子竞技大赛,荆楚网-楚天都市报,2015,7,4
365,468,468,XEG2015电子竞技大赛决赛7月4日重庆打响,,2015,6,30
366,469,469,体育总局力撑电子竞技产业发展,大洋网-广州日报,2015,6,12
367,470,470,2015中国电子竞技大会参赛人数超50万,新浪科技,2015,6,11
368,471,471,国家体育总局：体育信息改革催生电子竞技,,2015,6,9
369,472,472,新民晚报：电子竞技成为体育界的新宠儿,,2015,6,5
370,473,473,电子竞技的眼泪：落幕于剑盾 来年再见ZSMJ,,2015,5,28
371,474,474,天梯，金元浪潮下的中国电子竞技现状！,,2015,5,22
372,475,475,电子竞技 将成为中国最具竞争力的体育项目之一,新浪体育,2015,5,21
373,476,476,雏鹰农牧:养猪企业欲借电子竞技发展粉丝经济,新京报,2015,5,18
374,477,477,淘宝和优土都看上了一个电子竞技比赛：WCA,界面,2015,5,14
375,478,478,王思聪所在的电子竞技圈冠军资金池达亿元,南方都市报,2015,5,13
376,479,479,创联赛高校电子竞技赛事华东赛区FIFA冠军产生,新浪体育,2015,5,12
377,482,482,全球电子竞技市场规模超6亿美元 中韩主导,,2015,5,10
378,483,483,全球电子竞技市场规模超6亿美元,中国证券报-中证网,2015,5,8
379,484,484,电子竞技市场规模超6亿美元 全球观众1.34亿,新浪科技,2015,5,7
380,485,485,《荆棘之路》将映 电子竞技向影视迈步,新浪娱乐,2015,5,5
381,486,486,IET义乌国际电子竞技大赛落幕 观看人数再创新高,新浪体育,2015,4,30
382,487,487,风暴宿舍英雄决赛：电子竞技里程碑式的成功,,2015,4,30
383,488,488,IET电子竞技大赛落下帷幕 周冬冬夺得冠军,,2015,4,30
384,489,489,2015义乌国际电子竞技大赛总决赛4月27日激情开战,新浪体育,2015,4,28
385,490,490,深挖电子竞技商业价值增量 潜在百亿市场再思考,证券时报网,2015,4,27
386,491,491,中国手游杜鑫歆：未来会着力发展移动电子竞技业务,新浪游戏,2015,4,24
387,492,492,电子竞技：寒冬已过 期待春天,中国产经新闻,2015,4,22
388,493,493,中信建投:中小公司研究-潜力无限的朝阳行业--电子竞技,全景网络,2015,4,15
389,494,494,WCA2015世界电子竞技大赛 DOTA2项目直播报道专题,,2015,4,14
390,495,495,麻将德扑成电子竞技？ Angelababy为赛事代言,新浪体育,2015,4,11
391,496,496,电子竞技走出公寓 EDG新基地落成剪彩,,2015,4,8
392,497,497,电子竞技回归主流：哪些概念股不可错过,大智慧阿思达克通讯社,2015,4,7
393,498,498,电子竞技蓬勃发展 已成数十亿美元的产业,,2015,4,3
394,499,499,电子竞技是如何改变“使命召唤”系列的？,新浪游戏,2015,4,1
395,502,502,世界电子竞技大赛将历时278天 优胜者瓜分1亿奖金,新华网,2015,3,29
396,503,503,风暴英雄入选世界电子竞技大赛WCA 四月份开赛,,2015,3,25
397,504,504,WCA世界电子竞技大赛启动 全球5大赛区角逐1亿奖金,新华网,2015,3,24
398,505,505,电子竞技 多巴胺背后的产业盛宴,上海证券报,2015,3,19
399,506,506,电子竞技或成为振兴博彩行业的新支点,,2015,3,18
400,507,507,线上到线下的转变 正在飞速崛起的电子竞技,新浪游戏,2015,3,17
401,508,508,电子竞技史上最严防作弊 键盘鼠标全部都上交,新浪游戏,2015,3,16
402,509,509,天猫电器城冠名赞助IET2015义乌国际电子竞技大赛,,2015,3,11
403,510,510,IET2015义乌电子竞技大赛 3月11日直播预告,,2015,3,11
404,511,511,专题：IET义乌国际电子竞技大赛,,2015,3,11
405,512,512,创新与互动的结合 IET打造最高度电子竞技赛事,,2015,3,10
406,513,513,IET2015义乌国际电子竞技大赛预选赛正式开启,,2015,3,9
407,514,514,得益于LOL等电子竞技 2019游戏收入或达350亿美元,新浪游戏,2015,3,5
408,515,515,电子竞技是严肃体育项目 它一点都不好玩!,,2015,3,5
409,516,516,是否需要第二个WCG？电子竞技进入2.0时代,,2015,3,4
410,517,517,2015WCA世界电子竞技大赛再次携手DOTA2,,2015,3,3
411,518,518,人民日报：对待电子竞技需厘清两大逻辑,,2015,2,26
412,519,519,《人民日报》：对待电子竞技需理清两大逻辑,新浪游戏,2015,2,26
413,521,521,陈炜荣获2014年度电子竞技最佳体育模拟选手,新浪体育,2015,2,12
414,522,522,斗鱼TV冠名AG电子竞技俱乐部 带你枪战带你飞,,2015,2,10
415,523,523,IET2015义乌国际电子竞技大赛报名开启,,2015,2,9
416,524,524,金亚科技8000万入主世界电子竞技大赛,每日经济新闻,2015,2,5
417,525,525,金亚科技涉足电子竞技大赛,中国证券报-中证网,2015,2,5
418,526,526,金亚科技成WCA控制人 看好游戏市场押注电子竞技,21世纪经济报道,2015,2,5
419,527,527,金亚科技直控鸣鹤鸣和 增资切入电子竞技,中国证券网,2015,2,4
420,528,528,韩国将电子竞技定为二级奥林匹克比赛项目,,2015,1,30
421,529,529,赛睿与AG电子竞技俱乐部合作 将推定制鼠标垫,新浪游戏,2015,1,29
422,530,530,马来西亚政府正式承认电子竞技为体育项目,新浪游戏,2015,1,24
423,531,531,央视名嘴段暄微博 电子竞技世界复播有望,,2015,1,22
424,532,532,[文章] DOTA2爆火:中国真正认识电子竞技,,2015,1,21
425,533,533,第二届义乌国际电子竞技大赛启动 打造电竞盛宴,新浪体育,2015,1,20
426,534,534,newbee创联赛启动 致力高校电子竞技发展,,2015,1,20
427,535,535,2015 CFPL S6赛季战队巡礼 白鲨电子竞技,,2015,1,19
428,536,536,2015 CFPL S6赛季战队巡礼 虎牙电子竞技俱乐部,,2015,1,19
429,537,537,2015 CFPL S6赛季战队巡礼 EP电子竞技俱乐部,,2015,1,19
430,538,538,穿越火线 CFPLS6战队巡礼EP电子竞技俱乐部,,2015,1,5
431,539,539,盘点2015年电子竞技游戏的五大看点,,2015,1,4
432,542,542,前魔兽设计师：电子竞技应该纳入奥林匹克项目,,2014,12,26
433,543,543,暴雪前总裁浅谈：支持电子竞技入奥运会,,2014,12,26
434,544,544,电子竞技能否进入奥运会?前暴雪高管发表新观点,新浪游戏,2014,12,25
435,545,545,2014浙江省首届电子竞技大赛总决赛落幕冠军出炉,新浪体育,2014,12,24
436,546,546,长沙市网吧电子竞技赛开战 藩城网络生活馆战队夺冠,红网,2014,12,23
437,547,547,总奖金1亿！WCA世界电子竞技大赛加入主机游戏,新浪游戏,2014,12,22
438,548,548,视频：电子竞技逐渐被世人认可？千万奖金的影响,,2014,12,21
439,549,549,EDG电子竞技俱乐部宣布成立风暴英雄分部,,2014,12,16
440,550,550,纽约时报：LOL深受电子竞技学生团体喜爱,新浪游戏,2014,12,15
441,551,551,年度电子竞技奖金排行 DOTA2超越LOL一倍,,2014,12,14
442,552,552,电子竞技风靡美国校园 专业玩家数已超篮球,新浪游戏,2014,12,11
443,553,553,电子竞技风靡美校园：专业玩家为打比赛推迟入学,中国新闻网,2014,12,10
444,554,554,WGT电子竞技大师赛2014正式揭开帷幕,新浪游戏,2014,12,10
445,555,555,中新网：电子竞技是中韩之间最热血的纽带,,2014,12,9
446,556,556,打LOL有奖学金 福大将电子竞技纳入校运会,,2014,12,9
447,557,557,异极电竞全力助阵 2014IEF电子竞技大赛,新浪游戏,2014,12,9
448,558,558,全国电子竞技公开赛年度收官战在青岛落幕,新华网,2014,12,7
449,559,559,NESO全国电子竞技公开赛决赛日各省市积分榜,新浪游戏,2014,12,7
450,563,563,NESO全国电子竞技公开赛NBA 2KOL项目报道,新浪游戏,2014,12,7
451,564,564,群雄逐鹿NESO全国电子竞技公开赛火热开战,,2014,12,5
452,565,565,IEF2014国际电子竞技嘉年华神牛套装名单,,2014,12,5
453,566,566,关注IEF国际青年电子竞技决赛送神牛套装,,2014,12,3
454,567,567,历史的必然？任天堂将目光投向电子竞技产业,新浪游戏,2014,12,3
455,568,568,2014NESO全国电子竞技公开赛观战指南,新浪游戏,2014,12,3
456,569,569,暴雪《守望先锋》进军电子竞技 有几人买账？,新浪游戏,2014,12,1
457,570,570,视频：2014NESO全国电子竞技公开赛宣传片发布,新浪游戏,2014,11,27
458,571,571,打LOL还有奖学金 福大将电子竞技纳入校运会,新浪游戏,2014,11,27
459,572,572,专题：2014NESO全国电子竞技公开赛,,2014,11,25
460,573,573,2014年全国电子竞技公开赛竞赛规程 奖金80万,新浪游戏,2014,11,24
461,574,574,NESO全国电子竞技公开赛各项目分组出炉,新浪游戏,2014,11,20
462,575,575,NESO全国电子竞技公开赛全部代表队名单出炉,新浪游戏,2014,11,20
463,576,576,NESO电子竞技公开赛十五只代表队名单出炉,,2014,11,19
464,577,577,视频：NCsoft进军电子竞技 《NC全明星》视频首曝,新浪游戏,2014,11,19
465,578,578,OMG成立首个电子竞技公益基金 公益周边12月开卖,新浪游戏,2014,11,19
466,579,579,NC soft发力电子竞技 《MXM》将同步推出多端产品,新浪游戏,2014,11,19
467,581,581,国内首个电子竞技公益基金成立 将帮扶贫困学校,新浪体育,2014,11,18
468,582,582,重庆高校设电子竞技课 玩物丧志还是与时俱进,新浪游戏,2014,11,13
469,583,583,IEL电子竞技赛事介绍 亚洲地区再出新兴赛事,新浪游戏,2014,11,13
470,584,584,NESO电子竞技公开赛选拔赛落幕iG HGT出线,,2014,11,13
471,585,585,Garena斥资打造电子竞技馆 黄立成助阵首场比赛,新浪游戏,2014,11,6
472,586,586,图集：台湾 Garena 斥资千万打造电子竞技馆,新浪,2014,11,6
473,587,587,电子竞技走入课堂 重庆某高校开设DOTA选修课,新浪游戏,2014,11,6
474,588,588,外媒：中国年轻电子竞技选手收入可观,参考消息,2014,11,6
475,589,589,NEST全国电子竞技大赛开展 总奖金高达百万人民币,新华网,2014,10,30
476,590,590,NEST2014全国电子竞技大赛总决赛在昆山隆重开幕,新浪体育,2014,10,30
477,591,591,全国电子竞技公开赛四川代表团选拔赛即将开赛,新浪游戏,2014,10,29
478,592,592,《人物》杂志:深入解读当代中国电子竞技业,,2014,10,23
479,593,593,点金游戏：深入解读中国电子竞技业 ,,2014,10,22
480,594,594,全国电子竞技公开赛河北代表团选拔赛即将开赛,新浪游戏,2014,10,13
481,595,595,[文章]揭秘电子竞技：超过20岁就算高龄,,2014,10,13
482,596,596,WCA电子竞技大赛决赛Newbee vs C9 点播,,2014,10,8
483,597,597,中国魔兽第一人：电子竞技成为正常职业还需几百年,新华网,2014,10,6
484,598,598,WCA电子竞技大赛落幕 中国获魔兽3等重量级项目冠军,新华网,2014,10,5
485,599,599,电子竞技的意义在哪里 偏见不再也不应把它神话,新华网,2014,10,4
486,603,603,WCA世界电子竞技大赛 10月2日上午9点正式开幕,新浪游戏,2014,10,3
487,604,604,全国电子竞技公开赛上海代表团选拔赛即将开赛,新浪游戏,2014,9,26
488,605,605,火线WCA2014世界电子游戏竞技大赛详细赛程,,2014,9,24
489,606,606,回顾电子竞技十年 我们离体育还有多远？,,2014,9,23
490,607,607,空中网《坦克世界》电子竞技选美大赛,新浪游戏,2014,9,22
491,608,608,韩星成为开幕式主角 亚运开幕人气不敌电子竞技,重庆晨报,2014,9,20
492,609,609,WCA2014电子竞技大赛 DOTA2项目对阵出炉,,2014,9,19
493,610,610,应运而生《坦克世界》电子竞技那些事,新浪游戏,2014,9,17
494,611,611,第一财经:电子竞技沸腾时代 富二代游戏?,,2014,9,16
495,612,612,偏见：批判电子竞技最常用的5大“金句”,新浪游戏,2014,9,15
496,613,613,电子竞技成王思聪等富二代游戏 90后玩家退役,第一财经日报,2014,9,15
497,614,614,Azubu 宣布与韩国14支顶级电子竞技队伍达成历史性合作关系,美通社,2014,9,11
498,615,615,茅侃侃：从“局外人”看中国电子竞技产业的发展,新浪游戏,2014,9,11
499,616,616,ESPN总裁：电子竞技不是体育 仅仅是个比赛,,2014,9,11
500,617,617,浮夸的背后 电子竞技火爆但难成体育运动,新浪游戏,2014,9,11
501,618,618,专题：WCA2014世界电子游戏竞技大赛,,2014,9,10
502,619,619,WCA2014世界电子游戏竞技大赛 比赛赛程表,新浪游戏,2014,9,10
503,622,622,ESPN总裁：电子竞技是竞技活动 但非体育运动,新浪游戏,2014,9,10
504,623,623,ESPN总裁不屑电子竞技 如同国际象棋跳棋绝非体育,新浪游戏,2014,9,9
505,624,624,WCA2014张羽(单车）：愿做忠于电子竞技的门徒,新浪游戏,2014,9,3
506,625,625,电子竞技与网络游戏 虚拟世界里的真实对话,新浪游戏,2014,9,2
507,626,626,电竞节目《电竞天下》开播 电子竞技登上五星体育,新浪体育,2014,9,1
508,627,627,全球电子竞技收益达200亿美元 超音乐界,国际在线,2014,9,1
509,628,628,郑州日产杯暨汽车媒体电子竞技大赛落幕,新浪汽车综合,2014,8,28
510,629,629,图集：柳岩出任世界电子游戏竞技大赛形象代言,新浪娱乐,2014,8,22
511,630,630,QQ飞车《谁是车王》 不一样的电子竞技,,2014,8,14
512,631,631,电子竞技产业链：游戏解说淘宝开店月入百万,第一财经日报,2014,8,13
513,632,632,电子竞技高额奖金背后：职业选手每天训练10小时,第一财经日报,2014,8,13
514,633,633,《英雄联盟》LGD电子竞技俱乐部,,2014,8,11
515,634,634,《英雄联盟》YG电子竞技俱乐部,,2014,8,11
516,635,635,《英雄联盟》EDG电子竞技俱乐部,,2014,8,11
517,636,636,《英雄联盟》IG电子竞技俱乐部,,2014,8,11
518,637,637,《英雄联盟》SH皇族电子竞技俱乐部,,2014,8,11
519,638,638,《英雄联盟》WE电子竞技俱乐部,,2014,8,11
520,639,639,《英雄联盟》OMG电子竞技俱乐部,,2014,8,11
521,644,644,《英雄联盟》WEA电子竞技俱乐部,,2014,8,11
522,645,645,海涛做客中央人民广播电台 畅谈电子竞技,,2014,8,8
523,646,646,图集：柳岩出任电子竞技大赛代言人,新浪娱乐,2014,8,7
524,647,647,“一夜暴富”背后的危机 电子竞技急需正名,新浪游戏,2014,8,6
525,648,648,李晓峰：电子竞技应该像美国NBA那样成熟,,2014,8,5
526,649,649,港媒报道:电子竞技没有传统体育的潜规则,,2014,7,31
527,650,650,5人500万美元：电子竞技赛事奖金为何这么高,中国青年报,2014,7,24
528,651,651,电子竞技赛事的奖金为何这么高 虚拟门票贡献大,中国青年报,2014,7,24
529,652,652,横琴将开设电子游戏竞技场,金羊网-新快报,2014,7,22
530,653,653,TI4--这是我们的电子竞技，我们的世界杯,,2014,7,1
531,654,654,[资讯]WEC2014电子竞技冠军赛奖金公布,,2014,6,25
532,655,655,战旗TV成为Newbee电子竞技俱乐部赞助商,,2014,6,25
533,656,656,盘点身残志坚的电子竞技选手与玩家,新浪游戏,2014,6,24
534,657,657,电子竞技十名头奖得主半数来自亚洲,新浪游戏,2014,6,23
535,658,658,WEC2014 世界电子竞技冠军赛正式启动,,2014,6,20
536,659,659,今年电子竞技十名头奖得主半数来自亚洲,新浪游戏,2014,6,13
537,661,661,WEC世界电子竞技锦标赛：不会泯灭的希望,,2014,6,19
538,663,663,E3中国手游：移动电子竞技成行业趋势,新浪游戏,2014,6,11
539,664,664,新的全球游戏频道面世，关注电子竞技,美通社,2014,6,10
540,665,665,大不列颠网友亲述：英国电子竞技现状一览,新浪游戏,2014,6,9
541,666,666,LOL最多 2013年电子竞技在线观战时长达24亿小时,新浪游戏,2014,6,4
542,667,667,WPC2014世界电子竞技职业精英赛圆满落幕,,2014,6,3
543,668,668,全球电竞玩家财富榜 前15位电子竞技吸金王,新浪游戏,2014,6,1
544,669,669,从单纯的游戏到产业化发展 电子竞技真疯狂,新浪游戏,2014,5,20
545,670,670,电子竞技的世界杯！DOTA2告诉你TI是什么,,2014,5,19
546,671,671,横琴拟建国内首个电子竞技场,羊城晚报,2014,5,8
547,672,672,义乌国际电子竞技大赛落幕,中国青年报,2014,5,4
548,673,673,国际电子竞技大赛观众突破百万,中国广播网,2014,4,29
549,674,674,浙江男篮集体参加电子竞技赛 跨界较量完败给对手,钱江晚报,2014,4,28
550,675,675,国际电子竞技大赛总决赛今天开幕,中国广播网,2014,4,27
551,676,676,清华北大比拼电子竞技 北大再次获胜,南方都市报,2014,4,22
552,677,677,陈一冰助阵清华北大电子竞技赛 “学霸”被重新定义,新浪体育,2014,4,21
553,678,678,国际电子竞技大赛线下赛结束,中国广播网,2014,4,18
554,679,679,图集：UP2014：《神之浩劫》全球化电子竞技,新浪,2014,4,16
555,680,680,全国电子竞技职业联赛51盛典邀您亲临现场,,2014,4,15
556,681,681,CFPL S5战队巡礼 EP电子竞技俱乐部阵容,,2014,4,11
557,682,682,CF白鲨 辞去EP电子竞技俱乐部总经理职位,,2014,4,8
558,683,683,电子竞技十年后 能否赶超足球等传统体育,,2014,3,24
559,684,684,义乌国际电子竞技大赛千人报名,中国广播网,2014,3,18
560,685,685,义乌国际电子竞技大赛吸引超过1500人报名参赛,新华网,2014,3,17
561,686,686,实现梦想 WVW全国电子竞技精英赛报名开启,,2014,3,14
562,687,687,乌国际电子竞技大赛英雄联盟项目职业参赛名单公布,新浪游戏,2014,3,12
563,688,688,WPC世界电子竞技职业精英赛海选开始报名,,2014,3,11
564,689,689,WPC 2014世界电子竞技职业精英赛正式启动,,2014,3,11
565,690,690,浙报传媒入股起凡 涉足电子竞技行业,新浪科技,2014,3,5
566,691,691,后WCG时代 谁来扛起电子竞技大赛旗帜？,新浪游戏,2014,3,5
567,692,692,国际电子竞技将在义乌开战,新京报,2014,3,5
568,693,693,义乌国际电子竞技大赛正式启动,中国青年报,2014,2,21
569,694,694,2014年IET义乌国际电子竞技大赛启动,新浪游戏,2014,2,20
570,695,695,2014义乌国际电子竞技大赛（IET）正式启动,新浪体育,2014,2,19
571,696,696,国际电子竞技大赛启动,中国广播网,2014,2,19
572,697,697,2014义乌国际电子竞技大赛（IET）今日正式启动,新浪游戏,2014,2,18
573,698,698,世界电子竞技大赛历史终结 为钱饮鸩止渴,新浪游戏,2014,2,8
574,699,699,世界电子竞技大赛历史终结 已陷入恶性循环,新浪科技,2014,2,8
575,700,700,新华网：中国电子竞技十年 仍然需为自己正名,新浪游戏,2014,1,12
576,701,701,千家中企牵手 竞技电子舞台,经济日报,2014,1,9
577,702,702,图集：WPC-ACE世界电子竞技精英赛总决赛：玩家视角,新浪,2014,1,2
578,703,703,图集：WPC-ACE世界电子竞技精英赛总决赛 DK vs IG,新浪,2014,1,2
579,704,704,网媒趣评：电子竞技能不能算体育项目,新浪游戏,2013,12,23
580,705,705,闽举办首届大学生电子竞技总决赛,东南快报,2013,12,23
581,706,706,山西大学城将建华北首个电子竞技场馆,新浪游戏,2013,12,4
582,707,707,视频：《晚间新闻》 2013世界电子竞技大赛总决赛在昆山落幕,,2013,12,3
583,708,708,视频：《新闻夜总汇》 美国一名无四肢男子夺电子游戏竞技冠军,,2013,12,2
584,709,709,WCG世界电子竞技大赛昆山总决赛 中国战队全线告捷,京华时报,2013,11,30
585,710,710,NEST全国电子竞技大赛DOTA2 LGD夺冠回顾,,2013,11,19
586,711,711,人民日报专栏：中国电子竞技何时走出困境,,2013,11,14
587,712,712,世界电子竞技大赛全球总决赛28日昆山拉开战幕,中国新闻网,2013,11,14
588,713,713,沪上打响全国电子竞技大赛总决赛,中国青年报,2013,11,14
589,714,714,昆山将举办“电子竞技奥运会”,新民晚报,2013,11,13
590,715,715,NEST全国电子竞技大赛总决赛LGD对IG回顾,,2013,11,12
591,716,716,全国电子竞技大赛总决赛落幕 五大项冠军名花有主,新浪体育,2013,11,11
592,717,717,郴州市首届网吧电子竞技邀请赛完美收官,红网,2013,11,11
593,718,718,全国电子竞技大赛总决赛闭幕,中国广播网,2013,11,10
594,719,719,电子竞技期待成立项目协会 走过十年大环境却未改善,新华网,2013,11,9
595,722,722,NEST全国电子竞技大赛DOTA2直播报道专题,,2013,11,8
596,723,723,EGL-DOTA2电子竞技大赛 武汉站亮点纷呈,,2013,11,5
597,724,724,2013年成都市第三届高校电子竞技巡回赛圆满落幕,新浪体育,2013,11,4
598,725,725,NEST全国电子竞技大赛总决赛直播流程,新浪游戏,2013,10,25
599,726,726,NEST电子竞技大赛总决赛 DOTA2抽签确定,,2013,10,22
600,727,727,新民晚报：抛弃刻板偏见正视电子竞技体育,,2013,10,21
601,728,728,DOTA2电子竞技大赛 线下赛火爆开战！,新浪游戏,2013,10,21
602,729,729,15万奖金开抢 深圳“艺极杯”电子竞技锦标赛开启,新浪游戏,2013,10,18
603,730,730,“艺极杯”2013年深圳市电子竞技锦标赛报名规程,新浪游戏,2013,9,24
604,731,731,深圳电子竞技运动协会致电子竞技玩家的一封信,新浪游戏,2013,9,18
605,732,732,电子竞技传递正能量 后浪推前浪先把前浪当榜样,钱江晚报,2013,8,9
606,733,733,乌鲁木齐电子竞技职业玩家：生活不是“穿越火线”,亚心网,2013,7,17
607,734,734,电子竞技历史性变革 美承认玩家运动员身份,大洋网-广州日报,2013,7,16
608,735,735,韩国电子竞技已处世界巅峰 团队执行力难以比拟,新闻晨报,2013,7,15
609,736,736,“电竞李娜”李晓峰：电子竞技传递着一种信心,今日早报,2013,6,22
610,737,737,中国电子竞技正能量等你来战 让游戏回归竞技,汉网-武汉晚报,2013,6,22
611,738,738,中国首家电子竞技主题邮局在宁揭牌 首套“三国杀明信片手札”发售,中国江苏网,2013,6,1
612,739,739,入行电子竞技不能仅凭热情 勿以梦想为由逃避现实,东方网-文汇报,2013,4,19
613,740,740,武汉将办电子竞技联赛 参赛者可申请国家二级运动员,汉网-长江日报,2013,4,18
614,741,741,电子竞技成体育“弃儿” 禁播险要命时势造英雄,东方网-文汇报,2013,4,18
615,742,742,大学生联赛设立电子竞技 福建鼓励全省学生打游戏？,东南快报,2013,4,7
616,743,743,国家体育总局杨英：中国体育需要电子竞技 ,,2013,3,31
617,744,744,电子竞技正名还需正身,人民网-人民日报,2013,3,27
618,745,745,世界冠军也能玩出来 电子竞技国家队引发口水战,人民网-人民日报海外版,2013,3,27
619,746,746,体操队小伙要“拜师”电子竞技国手,新浪游戏,2013,3,26
620,747,747,《北京您早》 电子竞技算不算体育引网络热议电竞项目需正名更需正确发展,,2013,3,26
621,748,748,有必要成立“电子竞技国家队”吗？,新闻晚报,2013,3,25
622,749,749,国家体育总局拟成立电子竞技国家队,新闻晨报,2013,3,25
623,750,750,“电子竞技国家队”何以招致调侃,红网,2013,3,25
624,751,751,中文解说：国家规定电子竞技是体育项目,新浪体育,2013,3,24
625,752,752,电子竞技国家队组建惹争议 陈一冰调侃：我也要参加,新浪游戏,2013,3,24
626,753,753,《津晨播报》 机友集体发烧2013电子竞技派对举行,,2013,2,4
627,754,754,图集：电子竞技现场,其他,2012,9,3
628,755,755,星际争霸1时代终结 看电子竞技的现在和未来,新浪游戏,2012,8,7
629,756,756,《暗黑破坏神3》成为电子竞技的可能性,,2012,7,19
630,757,757,Tt展现完美游戏装备 CCJOY电子竞技大赛广州赛区落幕,太平洋电脑网,2011,11,25
631,758,758,电子竞技进入网游化时代,中华工商时报,2011,9,26
632,759,759,“水立方”上演电子竞技嘉年华,中华工商时报,2011,9,19
633,760,760,NEST2013全国电子竞技大赛总决赛赛制,新浪游戏,2013,10,22
634,761,761,上海电子竞技运动中心启动 将办世界电子竞技职业赛,上海青年报,2013,9,23
635,762,762,图集：国内首个永久性电子竞技专业场馆亮相上海,新浪,2013,8,14
636,763,763,高校电子竞技首获官方认可,荆楚网-楚天都市报,2013,4,20
637,764,764,国字号电子竞技队 体育健儿还是“游戏国家队”,IT时报,2013,4,8
638,765,765,网易正式发布电子游戏竞技战略,新浪科技,2013,4,3
639,766,766,视频：蔡雨晴代言电子竞技 小孽大秀身材,,2013,4,2
640,767,767,陶宏开炮轰电子竞技 玩家素质低 误国误民,,2013,3,28
641,768,768,公务员隐性福利受关注电子竞技国家队惹争议,东南网-福建日报,2013,3,28
642,769,769,电子竞技：玩的是“游戏”，却不能“儿戏”,中国青年报,2013,3,28
643,770,770,电子竞技算不算体育?,金羊网-羊城晚报,2013,3,28
644,771,771,《新闻夜总汇》 电子竞技国家队组建惹名将炮轰,,2013,3,26
645,772,772,羊城晚报“：电子竞技 不知者无罪,金羊网-羊城晚报,2013,3,26
646,773,773,国家体育总局组建电子竞技国家队 行业发展需引导,中国广播网,2013,3,25
647,774,774,跳水名将郑重向电子竞技道歉 何冲:已经教育过他,新浪体育,2013,3,24
648,775,775,网友力挺电子竞技组建国家队：别拿打游戏的不当人,大洋网-广州日报,2013,3,23
649,776,776,Sky:电竞不衰 选手依在 我爱电子竞技,新浪游戏,2012,12,3
650,777,777,电子竞技：虚拟世界的荣耀与痛苦,南方日报,2012,11,21
651,778,778,10月份电子竞技赛事汇总以及节目预告,,2012,10,11
652,779,779,Sky博客：回首十年 什么是电子竞技,新浪游戏,2012,8,22
653,3,3,“电子竞技俱乐部”是个什么部？ 神秘“身份证”背后摸不透的“网吧”,东方今报,2012,8,21
654,4,4,电子竞技冠军讲述成长故事,北京晨报,2012,7,25
655,5,5,“实况足球”电子竞技大赛报名中,信息时报,2012,6,29
656,6,6,2012台湾电子竞技公开赛高雄开战 菁英杯冠军获15万元,新浪游戏,2012,6,28
657,7,7,CS退出WCG？电子竞技平台的分割之战,新浪游戏,2012,6,18
658,8,8,独显七彩虹联手英伟达开展电子竞技赛,太平洋电脑网,2012,1,29
659,9,9,只为超越 WGT2012电子竞技大师赛总决赛开幕,新浪数码,2012,1,12
660,10,10,"战鼓擂 ""北通杯""全国高校电子竞技大赛开赛",天极网,2011,11,15
661,11,11,图集：ECL全球电子竞技精英赛启动仪式,其他,2011,10,20
662,12,12,迅游独家加速全国电子竞技大赛华北区决赛,新浪游戏,2011,10,17
663,13,13,电子游戏竞技风!Tt指挥官机箱售329元,太平洋电脑网,2011,10,1
664,14,14,威得不得了 魔蝎冰龙助威PLU电子竞技联赛,天极网,2011,9,28
665,16,16,《Firefall》聘请电竞美女发展电子竞技,新浪游戏,2011,9,21
666,17,17,中国首届3D电子竞技盛典9月3日登陆水立方,国际金融报,2011,8,29
667,18,18,i-Rocks登陆《体育人间》 引领电子竞技外设风向标,太平洋电脑网,2011,8,26
668,19,19,ChinaJoy2011电子竞技活动一览,,2011,7,27
669,20,20,大众软件：乱象背后 电子竞技联赛之困,新浪游戏,2011,7,25
670,21,21,CCM.南瓜:电子竞技发展要靠每个人的努力,新浪游戏,2011,7,8
671,22,22,视频：CCTV5《体育人间》电子竞技特别节目视频,,2011,7,6
672,23,23,梦三国OL漯河市第四届电子竞技大赛,新浪游戏,2011,1,26
673,24,24,Sky博客:我离不开电子竞技永留WE战队,新浪游戏,2010,11,18
674,25,25,电子竞技精彩体验!赛锐耳塞售价269元,泡泡网,2010,11,2
675,26,26,飞利浦显示器携手百脑汇2010年电子竞技节,天极网,2010,10,25
676,27,27,中德电子竞技友谊赛在世博园德国馆开赛,中国广播网,2010,9,10
677,28,28,技嘉科技协办中德两国电子竞技友谊赛,泡泡网,2010,9,10
678,29,29,中富美林湖三期举办“Wii电子竞技赛”,新浪房产,2010,9,3
679,30,30,OSL主办方郭在根：电子竞技的里程碑 ,新浪游戏,2010,8,30
680,31,31,msi微星全球电子竞技Beat it王者挑战赛,IT168.com,2010,8,23
681,32,32,2010年全国电子竞技公开赛现场乘车路线,中关村在线,2010,8,7
682,33,33,全国电子竞技公开赛8月开战 设足球篮球等4大项,新浪体育,2010,7,20
683,34,34,吹响号角 源科杯首届电子竞技挑战赛开打,天极网,2010,6,21
684,35,35,直击2010北通杯高校电子竞技大赛总决赛盛况,天极网,2010,6,17
685,36,36,2010中国电子竞技春天来临期待更好,新浪游戏,2010,5,14
686,37,37,中国国家级电子竞技超级联赛揭幕,新浪游戏,2010,5,7
687,38,38,专业电子竞技激光鼠 Ikari双双到货昆明,IT168.com,2010,4,19
688,39,39,《电子竞技》:星际2开创电竞新时代,,2010,3,18
689,41,41,DNK电子竞技大赛第四次周赛资格名单,新浪游戏,2010,3,12
690,42,42,东方体育棋哥：电子竞技该平反了！,东方体育日报,2010,3,11
691,43,43,首届电子竞技联赛即将推出 棋牌网游小试身手,新浪游戏,2010,3,1
692,44,44,电子竞技课程排入学校课程方案,新浪游戏,2010,2,26
693,45,45,电子竞技烽烟再起 开学游戏专用台式电脑(2),Pchome电脑之家,2010,2,25
694,46,46,光华电子竞技公益基金揭幕,中国青年报,2010,2,2
695,47,47,DOLBY AXON杯电子竞技决赛即将打响,新浪游戏,2010,1,7
696,48,48,电子竞技高手今日论剑西湖,钱江晚报,2009,12,12
697,49,49,为想乐狂2009联想IEST国际电子竞技收官,IT168.com,2009,11,23
698,50,50,电子竞技奥运会成都开幕,四川新闻网-成都商报,2009,11,12
699,51,51,电子竞技美女秀(2),,2009,11,2
700,52,52,百脑汇 飞利浦显示器杯电子竞技节,Pchome电脑之家,2009,9,14
701,53,53,《弹头奇兵》商都杯网吧电子竞技塞,新浪游戏,2009,8,11
702,54,54,如何名利双收？PC厂商赞助电子竞技之惑,中关村在线,2009,7,6
703,55,55,暴雪高校电子竞技对抗赛上演(二),,2009,5,26
704,56,56,“电子竞技俱乐部”在汉闹翻天,汉网,2009,3,28
705,57,57,电子竞技首次纳入国产网游,北京商报,2009,3,27
706,58,58,世界电子竞技大赛总决赛将首次在中国举行,新华网,2009,3,3
707,59,59,全省电子竞技联赛今起报名,扬子晚报,2009,2,10
708,260,260,Sky:电子竞技的发展需要成功商业运作,新浪游戏,2013,1,6
709,261,261,电子竞技全球总决赛 中国夺3冠创历史首夺国家杯,新华网,2012,12,2
710,262,262,首届海峡两岸大学生电子竞技比赛将在福州举行,台海网,2012,11,19
711,263,263,首届海峡两岸大学生电子竞技比赛将于福州举行,新华网,2012,11,15
712,264,264,福布斯称电子竞技或在2020年进军奥运会,新浪游戏,2012,8,29
713,265,265,电子竞技风起云涌：有望成为下一个“奥运会”,科技时代,2012,8,20
714,266,266,电子竞技WCG2012上海赛区落幕 ,新闻晚报,2012,8,15
715,267,267,WCG反恐精英Online化 电子竞技行业面临空档期,新浪游戏,2012,6,21
716,288,288,中国电子竞技几分重 DotA类网游路在何方,新浪游戏,2012,4,28
717,289,289,专访台湾美女神族Luway:电子竞技不是比力气,,2012,3,21
718,290,290,从斯诺克运动看电子竞技发展,,2012,3,11
719,291,291,电子鸦片体育竞技 十年电竞争议四起,新浪游戏,2012,2,17
720,292,292,《电竞》好手云集2012台湾电子竞技公开赛正式开幕,新浪游戏,2012,1,16
721,293,293,江苏昆山将连续两年举办世界电子竞技大赛全球总决赛,中国经济网,2011,11,19
722,294,294,首个3G电子竞技举行 四高校高手巅峰对决,新浪科技,2011,11,1
723,295,295,全球电子竞技精英赛开赛,北京晚报,2011,10,24
724,296,296,网游投奔电子竞技欲促行业回暖,北京商报,2011,10,12
725,297,297,融科•玖御半岛十一盛大公开 六大网站联合电子竞技,无锡新浪乐居,2011,9,30
726,299,299,推动3D产业发展 AOC参展首届3D电子竞技盛典,天极网,2011,9,6
727,373,373,电子竞技游戏键鼠 双飞燕G1000A售239,泡泡网,2011,8,14
728,374,374,王健林爱子入主电子竞技界 电竞迎来最具实力投资商,四川新闻网-成都商报,2011,8,3
729,375,375,接掌中国电子竞技大旗 全国电子竞技大赛启动,新浪游戏,2011,7,6
730,376,376,电子竞技的商业运作 要向NBA看齐,,2011,6,30
731,377,377,老牌世界电子竞技赛事CPL线上选拔赛开启,新浪游戏,2011,5,26
732,378,378,《龙之谷》北通杯ECL高校电子竞技决赛14日打响,新浪游戏,2011,5,12
733,379,379,网易战网2.0新功能及电子竞技的美好前景,新浪游戏,2011,4,29
734,380,380,阿凡龙试玩：全新类型的电子竞技网游,新浪游戏,2011,3,18
735,381,381,菲律宾开设电子竞技课程：授课星际2与DOTA,新浪游戏,2011,2,17
736,382,382,玩电子竞技比技巧比合作,星辰在线-长沙晚报,2010,12,30
737,383,383,百脑汇第三届电子竞技节完美落幕,新文化报,2010,11,26
738,384,384,电子竞技节决赛19日开战,新文化报,2010,11,17
739,385,385,百脑汇电子竞技节初赛4日开始,新文化报,2010,11,2
740,386,386,广州百脑汇第三届电子竞技节开幕 ,信息时报,2010,10,20
741,387,387,电子竞技利器!韩版酷讯DT35键盘到货榕城,太平洋电脑网,2010,9,20
742,388,388,中德电子竞技友谊赛亮相德国馆,经济日报,2010,9,17
743,389,389,评论：从竞技体育的共性读解电子竞技,新浪游戏,2010,9,8
744,390,390,2010年全国电子竞技公开赛开幕式召开,太平洋电脑网,2010,8,9
745,391,391,针对星际2纠纷 韩国或出台电子竞技法,新浪游戏,2010,7,29
746,392,392,世界级Chinajoy电子竞技齐聚四号馆,中关村在线,2010,7,28
747,393,393,全国电子竞技公开赛八月战深圳,中国青年报,2010,7,25
748,394,394,全国电子竞技公开赛赛前探营EHOME,新浪游戏,2010,7,13
749,395,395,星际2或被定为网游 电子竞技路在何方,新浪游戏,2010,6,26
750,396,396,ECL电子竞技联赛第二季将暂不引入《星际2》,新浪游戏,2010,6,21
751,397,397,2010年度电子竞技国家集训队选拔赛今日在京开幕,新浪体育,2010,5,22
752,398,398,海泰杯电子竞技大赛招募名嘴解说,新浪游戏,2010,5,17
753,399,399,广电向一度遭封杀电子竞技节目伸橄榄枝,新浪游戏,2010,5,7
754,401,401,广电伸出橄榄枝 电子竞技节目现转机 ,每日经济新闻,2010,5,7
755,402,402,中国电子竞技超级联赛揭幕仪式在钓鱼台国宾馆举行,新浪游戏,2010,4,29
756,403,403,东体：电子竞技该平反了！,东方体育日报,2010,3,11
757,404,404,邓亚萍：电子竞技将是未来重要比赛项目,人民网,2010,3,4
758,405,405,电子竞技烽烟再起 开学游戏专用台式电脑(3),Pchome电脑之家,2010,2,25
759,406,406,精彩无限好礼不断 JJ打造棋牌电子竞技第一品牌,新浪游戏,2010,2,10
760,407,407,电子竞技世界冠军加入游趣网络任策划,新浪游戏,2010,2,5
761,408,408,国内首个电子竞技示范基地落户北京 ,新浪游戏,2010,2,1
762,409,409,ECL电子竞技联赛获得国家体育总局肯定,新浪游戏,2010,1,28
763,410,410,《反恐行动》电子竞技大赛决赛之前,新浪游戏,2010,1,15
764,411,411,电子竞技有望进2014年亚运 中国电竞选手期待参赛,四川新闻网-成都商报,2010,1,5
765,412,412,助力电子竞技 宇瞻WCG纪念版U盘评测(2),中关村在线,2009,12,2
766,413,413,百脑汇第二届电子竞技节落幕,北京商报,2009,10,28
767,414,414,《反恐行动》电子竞技大赛周赛战报,,2009,10,16
768,415,415,光谷将举行电子竞技大赛,荆楚网-湖北日报,2009,10,3
769,416,416,《反恐行动》电子竞技大赛豪放开赛,新浪游戏,2009,9,29
770,417,417,暴雪嘉年华三大电子竞技赛事冠军揭晓,新浪游戏,2009,8,24
771,418,418,创新电子竞技 哈帝斯科技产品国内上市,中关村在线,2009,8,18
772,419,419,吃完大餐连盘子都端走 曼联球星玩电子竞技欲罢不能 ,浙江在线-钱江晚报,2009,7,26
773,420,420,全球顶级电子竞技赛花落成都,四川在线-华西都市报,2009,7,10
774,421,421,视频：知名选手TED、SYC做客新浪谈电子竞技,,2009,6,15
775,422,422,暴雪北大清华电子竞技对抗赛成功举办,北京商报,2009,6,1
776,423,423,暴雪高校电子竞技对抗赛上演(一),,2009,5,25
777,424,424,北京欢乐谷上演电子竞技“华山论剑”（图）,中国新闻网,2009,5,22
778,425,425,IEF09电子竞技大赛武汉站预选赛公告,新浪游戏,2009,5,21
779,426,426,很多电子竞技俱乐部变成营利网吧,大河网-河南商报,2009,4,20
780,427,427,金山：电子竞技发展之路任重而道远,新浪游戏,2009,3,26
781,428,428,北京电子竞技公开赛在龙潭湖中心岛举行,北京日报,2009,1,30
782,641,641,全国电子竞技大赛总决赛 星际争霸2总决赛TOP夺冠,新浪体育,2013,11,10
783,642,642,电子竞技比肩传统体育？仍然难获认可,新浪游戏,2013,10,30
784,643,643,电子竞技和下棋本质一样,新民晚报,2013,10,20
785,644,644,2013NEST全国电子竞技大赛线上预选超4000人报名,新浪体育,2013,9,26
786,645,645,术业有专攻 电子竞技发展需专业人才,新浪游戏,2013,9,26
787,646,646,“艺极杯”2013年深圳市电子竞技锦标赛,新浪游戏,2013,9,18
788,647,647,美国承认电子竞技玩家运动员身份 可获工作签证,新闻晨报,2013,7,15
789,648,648,亚室会电子竞技陈炜夺银：要圆中国足球世界冠军梦,钱江晚报,2013,7,5
790,649,649,电子竞技选手一日生活实录,深圳商报,2013,3,31
791,650,650,电子竞技选手的生活:6人1房9人4菜1汤 每月2500,成都商报,2013,3,31
792,651,651,羊城晚报：电子竞技算不算体育,金羊网-羊城晚报,2013,3,28
793,652,652,揭开电子竞技真正面目 待遇吸引人入行需谨慎,大连晚报,2013,3,28
794,653,653,“电子竞技算不算体育”引发争议 何冲兄弟公开道歉,晶报,2013,3,26
795,654,654,《新闻晨报》文章：电子竞技被社会误解,,2013,3,25
796,655,655,《午间视野》 体育总局决定成立电子竞技国家队被疑是否算体育,,2013,3,25
797,656,656,上海青年报：电子竞技你以为就是打打游戏?,上海青年报,2013,3,25
798,657,657,电子竞技算不算体育项目,东方早报,2013,3,25
799,658,658,电子竞技成立国家队引发争议 专业人士称被社会误解,新闻晨报,2013,3,25
800,733,733,世界电子竞技大赛总决赛中国队提前锁定两金,东方今报,2012,12,3
801,734,734,世界电子竞技大赛总决赛次日中国队表现出色,新华网,2012,11,30
802,735,735,2012世界电子竞技大赛将于29日昆山开赛,新华网,2012,11,28
803,736,736,暴雪总裁Mike：暗黑3设计并不是为了电子竞技,新浪游戏,2012,11,23
804,737,737,暴雪：中国电子竞技产业值得期待,新京报,2012,10,15
805,738,738,“中国电子竞技产业值得期待”,新京报,2012,10,15
806,739,739,视频:《反恐精英CS1.6》9周年国际电子竞技回顾,,2012,9,10
807,740,740,Riot Games创始人：电子竞技最终入奥,新浪游戏,2012,8,21
808,741,741,漳州人民广场欢乐城：首义广场电子竞技场成亲子狂欢大本营,PRNEWS.cn中国商业电讯,2012,8,8
809,742,742,2012台湾电子竞技公开赛正式开幕！,新浪游戏,2012,7,24
810,743,743,2012台湾电子竞技公开赛进入倒计时,新浪游戏,2012,7,18
811,744,744,电子竞技俱乐部联盟DotA职业联赛在京启动,北京晨报,2012,5,25
812,745,745,电子竞技选手有望获世锦赛资格 海选比拼两大项目,中国体育报,2012,5,15
813,746,746,新闻晚报报道不实 丑化电子竞技不负责任,新浪游戏,2012,4,12
814,747,747,专家:电子竞技提升智力超国象 叶江川称各有优势,四川新闻网-成都商报,2012,3,13
815,748,748,《电竞》盛事2012台湾电子竞技公开赛冬季总决赛即将开幕,新浪游戏,2012,1,13
816,750,750,WGT2012电子竞技大师赛总决赛开幕多赛事携手合作,新浪游戏,2012,1,11
817,751,751,Longdd获年度最佳电子竞技运动员,新浪游戏,2012,1,11
818,752,752,2011电子竞技项目奖金榜 DOTA2排第二,新浪游戏,2012,1,9
819,753,753,竞游ECL电子竞技冠军联赛举行,中国青年报,2011,12,18
820,754,754,竞游ECL全球电子竞技精英赛收官,中国青年报,2011,10,30
821,755,755,全球电子竞技精英赛落幕,北京晚报,2011,10,26
822,756,756,PCGL电子竞技联赛Dota海选第三周对阵出炉,新浪游戏,2011,10,24
823,757,757,《特种部队》入围世界电子竞技大赛,中国经济时报,2011,9,23
824,758,758,电子竞技杂志主编：感谢《体育人间》,新浪游戏,2011,7,8
825,759,759,成都首届电子竞技赛进行 旨在提高市民电竞水平,四川新闻网-成都日报,2011,6,20
826,760,760,DN北通杯ECL高校电子竞技决赛14日打响,,2011,5,13
827,761,761,大学生激辩电子竞技 社会该如何接纳游戏,新浪游戏,2011,4,14
828,762,762,《电子竞技》2010年度最佳出炉 ,新浪游戏,2011,3,1
829,763,763,深圳“万科·红”杯电子竞技挑战赛,新浪游戏,2011,1,11
830,764,764,电子竞技生存实录：中国刚刚起步 韩巨星受总统接见(2),东方体育日报,2010,12,10
831,765,765,德国冰豹 高端电子竞技鼠标市场热卖,中关村在线,2010,11,26
832,766,766,上海北通高校电子竞技大赛火热报名中,泡泡网,2010,11,25
833,767,767,ROCCAT Pyra Wired电子竞技鼠标到货南宁,太平洋电脑网,2010,11,19
834,768,768,专为电子竞技而生！ 明基XL系列发布,泡泡网,2010,11,19
835,769,769,电子竞技在中国的无奈 当梦想照进现实,新浪游戏,2010,11,15
836,770,770,电子竞技节复赛明日开战,新文化报,2010,11,12
837,771,771,玩家的心声：90后与电子竞技的浅谈,新浪游戏,2010,11,10
838,772,772,《梦三国OL》强力支持国内电子竞技赛事,新浪游戏,2010,10,25
839,773,773,百脑汇常州店电子竞技争霸火热报名中,Pchome电脑之家,2010,10,12
840,774,774,ReMinD:电子竞技拥有无穷大的潜力,新浪游戏,2010,9,25
841,775,775,世博会德国馆举行中德电子竞技友谊赛(图),新浪乐居,2010,9,10
842,776,776,大众软件：从竞技体育中读解电子竞技,新浪游戏,2010,9,9
843,777,777,体育总局官员：电子竞技是运动不等于网络游戏,法制晚报,2010,8,31
844,778,778,电子竞技觅路和WCG十年,三联生活周刊,2010,8,19
845,779,779,电子竞技产业待破冰,第一财经日报,2010,8,13
846,780,780,电子竞技大赛 职业玩家来竞技,CCTV《第一时间》,2010,8,11
847,781,781,全国电子竞技公开赛各项目抽签分组情况,中关村在线,2010,8,9
848,782,782,2010年全国电子竞技公开赛赛程火热公布,中关村在线,2010,8,5
849,783,783,赵黎:应大力发展电子竞技运动,新浪游戏,2010,7,28
850,784,784,2010年全国电子竞技公开赛8月8日深圳举行,中国广播网,2010,7,21
851,785,785,电子竞技展锋芒！Tt发布键盘鼠标产品,泡泡网,2010,6,11
852,786,786,石景山启动电子竞技中心,北京晨报,2010,5,12
853,787,787,首届全国电子竞技联赛启动 促进电竞运动健康发展,北京日报,2010,4,29
854,788,788,国家体育总局将中国电子竞技运动“出嫁”亚博,新华网,2010,4,28
855,789,789,竞游ECL2010电子竞技冠军联赛第一赛季赛决赛,新浪游戏,2010,4,26
856,790,790,中国电子竞技国家队将在北京公开选拔,国际在线,2010,4,16
857,791,791,DNK电子竞技大赛第三次周赛资格获取名单,新浪游戏,2010,3,5
858,792,792,邓亚萍：电子竞技将成重要比赛项目,新浪游戏,2010,3,4
859,793,793,电子竞技烽烟再起 开学游戏专用台式电脑(4),Pchome电脑之家,2010,2,25
860,794,794,竞游ECL 开创中国电子竞技新纪元,新浪游戏,2010,2,3
861,796,796,电子竞技有了公益基金,北京晚报,2010,1,31
862,797,797,杂评:电子竞技的瓶颈期该如何度过？,新浪游戏,2010,1,18
863,798,798,2014年 电子竞技要进亚运会,四川新闻网-成都商报,2010,1,5
864,799,799,韩国拟将电子竞技加入2014年亚运会,新浪游戏,2009,12,25
865,801,801,助力电子竞技 宇瞻WCG纪念版U盘评测(3),中关村在线,2009,12,2
866,802,802,顶级数码装备助力电子竞技,星辰在线-长沙晚报,2009,11,18
867,803,803,电子竞技 很火爆，非主流,计算机世界,2009,11,16
868,804,804,百脑汇电子竞技节落幕,北京晨报,2009,10,30
869,805,805,电子竞技装备 Tt Element T游戏机箱上市,天极网,2009,10,20
870,806,806,电子竞技闪亮珠江路电脑节,扬子晚报,2009,9,29
871,807,807,百脑汇广州店携手戴尔举办电子竞技赛(图),,2009,9,15
872,808,808,首届跑跑卡丁车电子竞技赛举行,星辰在线-长沙晚报,2009,8,15
873,809,809,全国11万大学生竞技电子商务 我省三学子脱颖而出,荆楚网-湖北日报,2009,7,26
874,810,810,参加动感地带电子竞技赢取丰富奖品,厦门网-厦门晚报,2009,7,24
875,811,811,chinajoy电子竞技比赛之魔兽观众挑战赛,IT.COM.CN,2009,7,24
876,812,812,电子竞技:技术手段与自我约束相结合,,2009,7,24
877,813,813,《电子竞技》专访：纵横丨丶潮潮,,2009,7,21
878,814,814,中国CS电子竞技第一人：从复出到高峰,华龙网-重庆晨报,2009,7,15
879,815,815,2009联想IEST国际电子竞技锦标赛开幕,Pchome电脑之家,2009,6,24
880,816,816,全省电子竞技运动会开赛 千余名游戏高手一比高下,青海新闻网,2009,6,19
881,817,817,格斗网游DNF引领新一轮电子竞技风潮,新浪游戏,2009,6,8
882,818,818,CF百城联赛战火重燃电子竞技升华开始,新浪游戏,2009,3,17
0,0,0, QG电竞俱乐部完成近亿元A轮融资 ,新浪财经,2018,9,27
1,1,1,亚运会夺冠会给电竞教育带来多少利好,新浪财经-自媒体综合,2018,9,13
2,2,2, 【Research and Markets：电竞市场在2,新浪财经,2018,9,11
3,3,3,多路资本涌入880亿电竞市场 中国电竞等待斯特恩,每日经济新闻,2018,9,11
4,4,4,虎牙宣布运营《守望先锋联赛》战队 布局全球电竞,环球网,2018,9,8
5,5,5,电竞馆的贴地飞行：从两月回本 到办卡跑路,娱乐资本论,2018,9,7
6,6,6,奥委会主席表态 电竞产业布局生变,新浪财经-自媒体综合,2018,9,4
7,7,7,9家房企争夺！中国电建9.8亿竞得大杨石65.51亩居住用地,乐居财经,2018,9,3
8,8,8,巴赫：电竞不移除暴力元素就不允许入奥,新京报,2018,9,3
9,9,9,从亚运电竞金牌看中国亚文化的创造性,新华网,2018,9,1
10,10,10,中国电竞直播行业爆发 斗鱼或成赢家,中国经营报,2018,9,1
11,11,11,当游戏穿上电竞外衣,《商界评论》杂志,2018,8,31
12,12,12,伽马数据调研安徽合肥电竞发展,中国新闻网,2018,8,30
13,13,13,2018年亚运会电竞表演项目《英雄联盟》决赛，中国队3-1战,新浪财经,2018,8,29
14,14,14,电竞不是运动？霍启刚表示不服,新华社,2018,8,29
15,15,15,亚运电竞首金背后：从“不务正业”到千亿市场,新京报,2018,8,28
16,16,16,全球顶级电竞盛宴Ti8落下帷幕 中国战队获得亚军,每日经济新闻,2018,8,26
17,17,17,Twitter已经与守望联盟（OWL）签订协议，以传播电竞直,新浪财经,2018,8,24
18,18,18,王思聪的电竞棋局,新浪财经-自媒体综合,2018,8,24
19,19,19,花旗评十大值得投资创新技术，电池 5G 电竞上榜,智通财经网,2018,8,24
20,20,20,马来西亚“电竞教父”：希望中国继续扮演领头羊角色,新京报,2018,8,21
21,21,21,马来西亚电竞解说多为兼职 工作一天赚1200人民币,新京报,2018,8,20
22,22,22,中国队夺“第四金” 亚运会新增电竞项目,北京商报,2018,8,20
23,23,23,从娱乐圈“纪委书记”到电竞选手 他身后的电竞帝国,新京报,2018,8,18
24,24,24,从网吧到网咖：电竞发展 网吧生意意外复苏,新京报,2018,8,17
25,25,25,上海浦东：借自贸“东风”打造全球电竞之都核心区,中国新闻网,2018,8,16
26,26,26,赛事稀缺 线下电竞馆等待春天,21世纪经济报道,2018,8,15
27,27,27,第七届“动漫北京”开幕 北京首个电竞产业联盟成立,新京报,2018,8,9
28,28,28,电竞投资迎来新标准 中国首部电竞馆运营规范发布,经济观察网,2018,8,9
29,29,29,完美世界萧泓：看好电竞产业 Steam中国正在推进,证券日报,2018,8,8
30,50,50,电竞小镇会是电竞的下一个风口么 上市公司仍在观望,界面,2018,7,13
31,51,51,65万平方米电竞综合体将落户上海:可容6千人同时竞技,澎湃新闻,2018,7,13
32,52,52,机构预测：2018年中国电竞市场规模逾880亿元,新华社,2018,7,11
33,53,53,去年电竞市场达770亿 但赛事规模仅占1.2%,界面,2018,7,11
34,54,54,电竞产业异军突起 打Dota比打温网更挣钱,美股综合,2018,7,11
35,55,55,奥组委7月举办电竞论坛 或讨论电竞入奥相关事宜,新浪财经,2018,6,29
36,56,56,除了王思聪 电竞圈还有哪些富二代？,新浪财经综合,2018,6,27
37,57,57,电竞小镇周年考：热潮退去 谁在裸泳？,中国经营报,2018,6,23
38,58,58,赛事资源贫乏 电竞小镇周年考：热潮退去 谁在裸泳？,中国经营报,2018,6,23
39,59,59,电竞资本“吸金”魔方：万达、英皇等豪门入场 地方政府竞逐,21世纪经济报道,2018,6,21
40,65,65,电竞资本吸金：万达、英皇等豪门入场 地方政府竞逐,21世纪经济报道,2018,6,21
41,66,66,电竞入选亚运会背后：腾讯抢攻千亿市场,中国经营网,2018,6,19
42,67,67,中国电竞再次发力：中外合作打造国际化赛事,中国新闻网,2018,6,13
43,68,68,填补26万人才缺口 广东成立首批电竞培养基地,时代周报,2018,6,12
44,69,69,电商巨头竞速跨境物流,美股综合,2018,6,12
45,72,72,币安何一否认投资chiliZ电竞 提示警惕代投风险大,新浪财经,2018,6,8
46,73,73,单项观赛高达1.27亿人次 电竞吸金不断顺带救活网吧,新浪财经综合,2018,6,6
47,74,74,2017年中国电竞市场规模破650亿元,新浪财经综合,2018,5,31
48,75,75,高校入局电竞专业：相比比赛的火爆仍处在拓荒中,新浪财经综合,2018,5,27
49,76,76,2018，全球电竞商业化起航年？,21世纪经济报道,2018,5,26
50,77,77,雷蛇(01337)牵手京东拓展内地电竞产品市场,智通财经网,2018,5,23
51,78,78,雷蛇联手京东 拓展电竞市场,中国证券报·中证网,2018,5,23
52,79,79,雷蛇(01337-HK)伙京东拓內地电竞市场,财华社,2018,5,22
53,80,80,香港大学首推电竞专业 学制半年学费2万港元,新浪财经综合,2018,5,22
54,81,81,东英证券：361度电竞服饰上线 予买入评级看4.5港元,新浪港股,2018,5,17
55,82,82,六个电竞项目将亮相雅加达亚运会 产业仍需规范,21世纪经济报道,2018,5,15
56,83,83,黄智慧：361度拓电竞服成亮点 可考虑2.4元吸纳,新浪港股,2018,5,11
57,84,84,电竞如何爆发正能量？未来会给你更好的答案,中国经济网,2018,4,27
58,85,85,东方明珠布局电竞市场，“内容+渠道”打通电竞生态链,一财网,2018,4,26
59,86,86,腾讯电竞围绕体育化布局，发布电竞运动城市发展计划,新浪财经,2018,4,23
60,87,87,何猷君当选澳门电竞总会首届会长 王思聪到场支持,21世纪经济报道,2018,4,18
61,88,88,高阶电竞市场回温 华擎、华硕、技嘉等主板厂商看旺,新浪财经,2018,4,17
62,89,89,电竞业掘金拉斯维加斯 传统“赌城”娱乐风转向,21世纪经济报道,2018,4,14
63,92,92,国际足联将于5月19日至20日举办首届电竞世界杯，比赛将通过线上资格赛筛选参加决,新浪财经,2018,4,12
64,93,93,完美世界布局电竞全产业链 探索将音乐和竞技相结合,上海证券报,2018,4,10
65,94,94,“掠夺者”宏碁的电竞新战事,界面,2018,4,9
66,95,95,本土化和职业化 电竞黄金时代的到来,中国新闻网,2018,4,6
67,96,96,电竞市场规模超650亿 新三板企业欲分羹,新浪综合,2018,3,26
68,97,97,通讯：中国电竞企业杀入美国娱乐之都,新华网,2018,3,24
69,98,98,电竞俱乐部生存难：有人辞官归故里 有人漏夜赶考场,第一财经日报,2018,3,22
70,99,99,职业电竞：年轻人的战场 并非所有人都看得到希望,第一财经日报,2018,3,22
71,101,101,资本入局电竞市场机会何在,界面,2018,3,21
72,102,102,全国首个以体育场馆为载体的电竞组织将成立,新浪财经,2018,3,21
73,103,103,电竞项目初获认可 需更多第三方赛事,21世纪经济报道,2018,3,20
74,104,104,国际奥委会委员：正在讨论电竞进入奥运会,新华网,2018,3,18
75,105,105,近期电竞产业催化剂不断，多家巨头先后宣布入局电竞产业，到2016年电竞市场整体规,新浪财经,2018,3,18
76,106,106,361°瞄准电竞：听说年轻人都在那里,界面,2018,3,14
77,107,107,361度公布电竞战略规划 推进品牌年轻化及业务国际化,新浪港股,2018,3,14
78,108,108,电竞市场持续升温 头部游戏直播平台迎来上市潮,新浪综合,2018,3,13
79,109,109,中新天津生态城聚力发展电竞产业 万平米电竞中心6月建成投用,中国新闻网,2018,2,28
80,112,112,电竞有望为香港新经济带来新契机,证券时报,2018,2,24
81,113,113,电竞设备第一股雷蛇大涨23% 创上市以来单日最大涨幅,中国证券报,2018,2,22
82,114,114,电竞小镇崛起、英雄互娱IPO 电竞产业正在泛娱化？,证券综合,2018,2,13
83,115,115,春节临近电竞股上演狂欢 6只年报预喜股最受机构青睐,新浪综合,2018,2,13
84,116,116,春节倒计时电竞股狂欢 6只年报预喜股最受机构青睐,证券综合,2018,2,13
85,117,117,电竞发展引资本巨鳄抢滩 受益政策松绑用户猛增红利,新浪综合,2018,2,12
86,118,118,电竞龙头英雄互娱启动A股IPO 除华谊兄弟还有谁获益,界面,2018,2,9
87,119,119,电竞直播头牌背后经济账,一财网,2018,2,6
88,121,121,联盟电竞参加中加文化招待会 共促两国文化产业发展,新浪港股,2018,2,3
89,122,122,万家电竞CEO遗憾离世 大股东祥源文化拒谈与其矛盾,金证券,2018,1,26
90,123,123,80后创业明星茅侃侃自杀 公司万家电竞负债4000余万,新浪综合,2018,1,25
91,124,124,80后创业明星自杀 曾与万家文化合作成立万家电竞,新浪综合,2018,1,25
92,125,125,万家电竞创始人茅侃侃去世 曾表示其性格不适合创业,新京报,2018,1,25
93,126,126,别忽视了电竞产业这个“富矿”,中国经济网,2018,1,24
94,127,127,动视暴雪首席执行官Bobby Kotick:打造NBA式电竞联赛,第一财经日报,2018,1,24
95,128,128,三大关键字带你解读2017中国电竞,中国新闻网,2018,1,11
96,129,129,2018LPL合作伙伴名单惊艳 传统企业看重电竞市场？,新浪综合,2018,1,10
97,132,132,绿地6000万投资竞界50%股权 布局电竞+协同地产运营,21世纪经济报道,2018,1,8
98,133,133,绿地金融再“跨界” 战略投资电竞行业,中国证券网,2018,1,7
99,134,134,资本肆虐的2017电竞圈 几家欢喜几家愁,智通财经网,2018,1,7
100,135,135,上海打造“全球电竞之都”　资本争相布局,新浪财经,2018,1,6
101,136,136,上海打造“全球电竞之都” 资本争相布局,新华网,2018,1,6
102,137,137,绿地跨界入股电竞公司 出资6000万获竞界50%股权,新浪财经,2018,1,5
103,138,138,电竞产业成资本追逐“风口”,新浪财经,2017,12,31
104,139,139,脱困县的电竞诱惑：重庆忠县逐梦电竞产业生态圈,21世纪经济报道,2017,12,25
105,143,143,顺网科技：合作共享 共筑电竞,中证网,2017,12,22
106,144,144,重庆忠县掘金电竞产业,经济日报,2017,12,21
107,145,145,两岸学子南京同台比拼电竞项目 架起新的交流平台,中国新闻网,2017,12,19
108,146,146,魔杰电竞加速渠道布局 探索“电竞+”市场,中国证券报-中证网,2017,12,17
109,147,147,野蛮生长进行时：电竞后服务市场的争夺战,经济观察网,2017,12,13
110,148,148,腾讯泛娱乐新探索 首个泛娱乐电竞综合体落地北京,经济观察网,2017,12,11
111,149,149,演绎互联网时代的体育英雄互娱让库克迷上电竞,上海证券报,2017,12,9
112,152,152,手游带火电竞手机 众厂商争相“蹭热点”,中国经营报,2017,12,9
113,153,153,中韩竞夺英国核电 韩电击败中广核成优先协商对象,新浪财经,2017,12,8
114,154,154,中韩竞夺英国核电 被韩电抢先一步暂成优先协商对象,一财网,2017,12,8
115,155,155,国美“G部落”联手英特尔 掀“全民电竞”风暴,中国新闻网,2017,12,6
116,156,156,应书岭：移动电竞也能够代表中国文化,中国经济网,2017,12,5
117,157,157,港媒：中国电竞产业火热 国际硬件公司笑了,环球时报,2017,12,4
118,158,158,中国信息科技发展(08178-HK)研究入股电竞公司,财华社,2017,11,29
119,159,159,央视报道DOTA2完美大师赛 电竞申奥受关注,中国新闻网,2017,11,29
120,160,160,今年我国电竞市场规模突破700亿 推进产业规范化发展,中国经济网,2017,11,28
121,161,161,从洪水猛兽到官方支持：电竞产业劲吹中国风,时代周报,2017,11,28
122,162,162,再“聚”上海滩！电竞年度奖项花落谁家,中国新闻网,2017,11,24
123,163,163,从CHINA TOP出发 黑色时空用“电竞+”撬动千亿市场,中国新闻网,2017,11,23
124,164,164,国家杯开赛，电竞行业再迎盛事,经济观察网,2017,11,22
125,165,165,腾讯与PUBG公司达成战略合作 电竞产业矩阵再下一城,新华网,2017,11,22
126,166,166,软岛科技：电竞产业不会饱和 多元市场远超想象,中国新闻网,2017,11,22
127,167,167,今年我国电竞产业市场规模将突破700亿,中国经济网,2017,11,22
128,168,168,图解：电竞主播身价千万 玩家月均家庭收入1.2万,界面,2017,11,20
129,169,169,赵薇杠杆收购折戟：万家电竞濒临破产 信用受影响,中国经营报,2017,11,18
130,170,170,港股异动︱港电竞第一股雷蛇(01337)跌4% 券商：暂不宜追入,智通财经网,2017,11,14
131,171,171,雷蛇在港上市 资本进驻“电竞设备第一股”,上海证券报,2017,11,14
132,172,172,太仓拟5年投25亿打造电竞小镇 缺核心赛事产业掘金难,新京报,2017,11,14
133,173,173,雷蛇香港“流血”上市 硬件品牌为何能成电竞第一股,新京报,2017,11,13
134,174,174,电竞股雷蛇上市首日大涨22% 李嘉诚已潜伏其中,一财网,2017,11,13
135,175,175,电商巨头“双11”竞拼黑科技 新零售战略能否冲破业绩瓶颈,投资者报,2017,11,13
136,176,176,2017 CHINA TOP国家杯电竞大赛全球总决赛19日深圳开战,中国新闻网,2017,11,11
137,177,177,互联网大佬都在做的电竞馆 它如何才能飞起来？,新浪综合,2017,11,11
138,178,178,电竞入奥争议 商业模式滞后竞技发展,中国经营报,2017,11,11
139,179,179,企鹅电竞开放内容赛事生态 储备电竞人才,中国新闻网,2017,11,10
140,180,180,李嘉诚新欢雷蛇冲电竞第一股 连续亏损光环顶多久？,投资时报,2017,11,10
141,181,181,港股独角兽：雷蛇与电竞对手的比较,新浪港股,2017,11,10
142,182,182,游戏产业受机构追捧 全球电竞职业化热潮来袭,21世纪经济报道,2017,11,10
143,183,183,图集：中国电竞青少年的逐梦路,其他,2017,11,9
144,184,184,双11咋薅羊毛：平台补贴动辄上亿 晚会电竞轮番上,中国新闻网,2017,11,9
145,185,185,普华永道：2021年中国电竞市场规模料达1.82亿美元,新浪财经,2017,11,7
146,186,186,普华永道：电竞为中国市场开创机会,中国经济网,2017,11,7
147,187,187,蓝翔开电竞专业 伽马数据：请不要误导孩子,中国新闻网,2017,11,7
148,188,188,电竞千亿产业链收益是中超２倍 人才缺口达26万,时代周报,2017,11,7
149,189,189,电竞的千亿产业链 收益是中超联赛２倍,时代周报,2017,11,7
150,192,192,雷蛇IPO：电竞玩家的信仰充值,新浪港股,2017,11,6
151,193,193,山东蓝翔开设电竞专业：学制3年，第一阶段学习英雄联盟,澎湃新闻,2017,11,2
152,194,194,李嘉诚为何选中雷蛇？来看看电竞全产业链分析,智通财经网,2017,11,2
153,195,195,7款神舟超级战神电竞本发布 旗舰款售价39999元,中国新闻网,2017,11,2
154,196,196,图解丨香港首只电竞概念股雷蛇的“后台”是谁？,21世纪经济报道,2017,11,1
155,197,197,电竞股雷蛇发行10.64亿股 预期11月13日上市,智通财经网,2017,11,1
156,198,198,电竞股雷蛇今起招股 10间券商已预备逾350亿元孖展额,新浪港股,2017,11,1
157,199,199,首个电竞股雷蛇登陆港股 李嘉诚有意作“长期投资”,21世纪经济报道,2017,11,1
158,210,210,阳狮星传专场：电竞热土谁为王者？,新浪财经,2017,10,17
159,211,211,WUCG北区决赛座无虚席，诠释高校电竞不言弃,中国新闻网,2017,10,16
160,212,212,电竞产业兴起机遇还是虚火？同质化严重观赏性不够,21世纪经济报道,2017,10,13
161,213,213,风口上的电竞小镇:如何做出特色和找到盈利点是难题,中国经营报,2017,10,7
162,214,214,WUCG电竞大篷车首秀完美落幕，东区决赛引燃南广之夜,中国新闻网,2017,9,30
163,215,215,侯阁亭运营电竞战队陷资不抵债 父亲85亿家底撑场,每日经济新闻,2017,9,29
164,216,216,电竞产业加速催生经济新动能 强力拉动周边产业,上海证券报,2017,9,29
165,217,217,电竞教育：够专业才能让教育有力量 让梦想有翅膀,中国新闻网,2017,9,28
166,218,218,人民日报报道电竞比赛：虚拟空间竞技促进跨文化交流,新浪综合,2017,9,27
167,219,219,郑志刚：继续在旗下商场增加电竞元素,财华社,2017,9,26
168,221,221,电竞馆热潮:有电竞馆投资逾4千万 互联网界大佬加入,界面,2017,9,26
169,222,222,首届（沈阳）电竞英雄城市大赛热血对决 强势席卷辽沈奖金20万元,重庆商报,2017,9,23
170,223,223,大爆发的电竞教育该如何良性“供血”电竞行业,中国新闻网,2017,9,22
171,224,224,上海首次举办两岸电竞大赛 赛事总奖金30万元,中国新闻网,2017,9,20
172,225,225,王思聪和他身后的电竞帝国 各大上市公司暗流涌动,经济观察报,2017,9,19
173,226,226,电竞产业新风口:从市场走向学校 年内规模望达700亿,21世纪经济报道,2017,9,19
174,227,227,游戏公司加速布局电竞 产业职业化正起步,21世纪经济报道,2017,9,19
175,228,228,央视报道中国电竞 CS:GO备受关注,中国新闻网,2017,9,18
176,229,229,王思聪和他身后的电竞帝国,经济观察报,2017,9,17
177,231,231,揭秘王思聪身后的电竞行业:持续增长 黄金时代正到来,经济观察网,2017,9,16
178,232,232,电竞产业市场规模或达700亿元 电竞赛事将超过100场,中国证券报,2017,9,16
179,233,233,电竞行业开打白刃战,经济观察网,2017,9,16
180,234,234,电竞手游增长率809%冠绝全球 中国选手总奖金排名第1,澎湃新闻,2017,9,13
181,235,235,联盟电竞携手深赛格 借力华强北发展电竞业务,新浪港股,2017,9,11
182,236,236,英雄互娱战略签署K11 打造线下电竞商业生态圈,经济观察网,2017,9,11
183,237,237,华强北转型未雨绸缪　联盟电竞与深赛格联手试水电竞,证券日报,2017,9,11
184,238,238,“反差萌”转型 忠县成电竞“大玩家”,重庆商报,2017,9,8
185,239,239,强强联手 体育电竞+地产牵手合作,重庆商报,2017,9,7
186,241,241,电竞投资机遇何在?,重庆商报,2017,9,4
187,242,242,CS：GO“点亮”中国 电竞行业再现爆发性机遇,中国新闻网,2017,9,1
188,243,243,电竞公司盖娅互娱上半年净利下滑31.89%,北京商报,2017,8,30
189,244,244,李嘉诚也看好电竞？他投资的雷蛇要在香港上市,21世纪经济报道,2017,8,29
190,245,245,英雄互娱：移动电竞领先优势明显 营业收入同比大涨48.77%,中证网,2017,8,29
191,246,246,英雄互娱成新三板电竞手游领军企业,新浪综合,2017,8,29
192,247,247,633电竞：令你成为游戏世界的焦点 实现人生巅峰价值,重庆商报,2017,8,29
193,248,248,马斯克的AI机器人 击败人类顶级电竞玩家,第一财经日报,2017,8,17
194,249,249,马斯克的AI机器人击败人类顶级电竞玩家,一财网,2017,8,16
195,250,250,运营求新为中国电竞增恒力 完美世界表现出色,每日经济新闻,2017,8,16
196,251,251,第七届DOTA2国际邀请赛落幕 中国电竞战队显实力,中国新闻网,2017,8,14
197,252,252,2017守望先锋电竞夏季赛开赛 12支战队逐鹿,重庆商报,2017,8,13
198,253,253,TI7奖金1亿6超NBA，电竞产业如此火爆三大原因,中国新闻网,2017,8,10
199,254,254,深圳电竞获2000万元天使轮融资,北京商报,2017,8,8
200,255,255,香港暑期首推大型电竞音乐节,经济日报,2017,8,8
201,256,256,电竞进入“群雄争霸”时代 香港、内地多形态突围,21世纪经济报道,2017,8,8
202,257,257,香港举办首届电竞音乐节,新华网,2017,8,4
203,258,258,直尚电竞与新华电脑学校联合推出电竞专业,中国新闻网,2017,8,4
204,259,259,完美世界游戏出海、电竞再获关注,中国新闻网,2017,8,3
205,261,261,普华永道：香港具电竞发展潜力 创板可吸游企上市,FX168,2017,8,1
206,262,262,李嘉诚联手大佬扎堆入股电竞公司 雷蛇冲刺港股IPO,新浪综合,2017,7,31
207,263,263,北京视境百人VR电竞体验ChinaJoy首秀,中国新闻网,2017,7,28
208,264,264,频频发力 IGXE.CN加速电竞产业布局,中国新闻网,2017,7,28
209,265,265,游戏精品化成趋势 上市公司发力海外与电竞市场,中国证券报,2017,7,28
210,266,266,游戏衍生日趋完善，电竞周边或成翘楚,中国新闻网,2017,7,27
211,267,267,电竞列入杭州亚运会比赛项目 谁将受益,FX168,2017,7,26
212,268,268,香港将首次举办电竞音乐节 希望吸引更多年轻游客访港,新华网,2017,7,25
213,269,269,直尚电竞获数千万Pre-A轮融资,北京商报,2017,7,25
214,271,271,咸鱼游戏携傲世堂推3D对战卡牌《猪与地下城》入局移动电竞,中国新闻网,2017,7,25
215,272,272,进击的雷蛇：打造游戏生态 电竞硬件奇兵展露中国野心,时代周报,2017,7,25
216,273,273,耀宇文化：电竞蓝海欲打造超级碗 增持评级,中证网,2017,7,22
217,274,274,直尚电竞完成千万Pre-A轮融资 电竞教育任重道远,中国新闻网,2017,7,21
218,275,275,上下游企业开始盈利 移动电竞产业逐渐成熟,中国经济网,2017,7,20
219,276,276,移动电竞产业逐渐成熟,经济日报,2017,7,20
220,277,277,从电竞玩家到资本宠儿 雷蛇拟赴港上市“开玩”手游,上海证券报,2017,7,18
221,278,278,电竞巨头雷蛇将赴港IPO 联络互动持股5.01%,证券时报,2017,7,18
222,279,279,王者荣耀背后的电竞江湖:规模望达千亿 巨头纷纷涌入,中国经济周刊,2017,7,17
223,282,282,王者荣耀背后的电竞江湖,经济网,2017,7,17
224,283,283,全球电竞潮牌雷蛇赴港上市 计划进军中国手游市场,一财网,2017,7,15
225,284,284,移动电竞市场井喷式增长 2017年将全面超越端游,21世纪经济报道,2017,7,14
226,285,285,移动电竞年中盘点：产业链完善 步入井喷式增长,中国经济网,2017,7,13
227,286,286,暴雪打造NBA式电竞联赛 首个中国战队组建,第一财经日报,2017,7,13
228,287,287,[公司]郴电国际以1.59亿元竞得中水圣达1亿股股权,全景网,2017,7,11
229,288,288,电竞风口催生电竞教育 南京直尚电竞引领行业破局,中国新闻网,2017,7,10
230,289,289,成都的“电竞梦”：低房价、高工资打造“手游之都”,21世纪经济报道,2017,7,6
231,291,291,成都的电竞梦：低房价高工资打造手游之都,21世纪经济报道,2017,7,6
232,292,292,古中人：雷蛇上市利好电竞发展,新浪港股,2017,7,5
233,293,293,首批高校本科电竞专业招生,法治周末,2017,7,5
234,294,294,中国成最大电竞市场：人才缺口26万 需有效商业模式,第一财经日报,2017,7,4
235,295,295,国家体育总局再办电竞赛事 B5电竞馆成电竞校场,中国经济网,2017,7,3
236,296,296,WCA海外赛区陆续开赛 电竞国际生态圈建立,中国新闻网,2017,6,29
237,297,297,三四线的电竞小镇投资潮： 地方产业对接成难题,21世纪经济报道,2017,6,28
238,298,298,美媒称腾讯比肩任天堂 将共同引领全球电竞市场,新浪综合,2017,6,26
239,299,299,古中人：香港电竞热的最大得益者“柏能集团”,新浪港股,2017,6,26
240,300,300,WCA国际电竞学院火爆招生 开辟电竞新篇章,中国新闻网,2017,6,23
241,301,301,电竞行业：站在“风口”上，“钱”途在何方？,中国经济网,2017,6,22
242,302,302,腾讯近五亿元战略入股掌趣科技，意在整合布局电竞手游生态链,新华网,2017,6,21
243,303,303,腾讯正在攻入下一个蓝海 电竞五年内布局生态链,21世纪经济报道,2017,6,21
244,304,304,联盟电竞独家承办暴雪赛事,证券日报,2017,6,21
245,305,305,腾讯电竞发布新五年计划 开启中国电竞“黄金五年”,经济观察网,2017,6,20
246,306,306,"传媒行业:腾讯电竞五年规划,关注相关概念股",全景网,2017,6,20
247,307,307,被《王者荣耀》加持的腾讯电竞帝国如何带着上下游一起挣钱？,界面,2017,6,19
248,308,308,腾讯电竞推五年计划 拟打造千亿规模产业,证券时报,2017,6,19
249,309,309,全省首个电竞数娱小镇落户下城,新华网,2017,6,19
250,311,311,VSPN助力腾讯打造电竞王朝 共创“黄金五年”,中国新闻网,2017,6,18
251,312,312,半个电竞圈大佬都来了 看腾讯（00700）电竞黄金五年的“长跑打法”,智通财经网,2017,6,17
252,313,313,[互动]云图控股：云图电竞馆均可举办腾讯授权的合作赛事,全景网,2017,6,16
253,314,314,WCA国际电竞学院携手北开华嘉 开创竞教育新模式,中国新闻网,2017,6,16
254,315,315,京东游戏成立泛娱乐产业联盟 收购职业站队进军电竞产业,中国网,2017,6,15
255,316,316,2017 TGA夏季总决赛首周亮点回顾：“神奇女侠”打入电竞战队,中国新闻网,2017,6,14
256,317,317,电竞市场或破700亿，各方向处于怎样的投资阶段,中国新闻网,2017,6,14
257,318,318,电竞市场或将突破700亿，各细分方向处于怎样的投资阶段？,智通财经网,2017,6,13
258,319,319,电竞企业“超神互动”获投3亿元,北京商报,2017,6,12
259,320,320,湖南电竞网咖联赛进入第二阶段,新华网,2017,6,8
260,321,321,揭秘电竞培训班：思维反应要求高 50学员3人过关,新华网,2017,6,7
261,322,322,电竞战队常奥RW获千万元pre-A轮融资,北京商报,2017,6,6
262,323,323,CS:GO世界顶级赛事首次落户中国 电竞产业发展盛况空前,中国新闻网,2017,6,5
263,324,324,周 晨：中国电竞产业发展前景可期,中国经济网,2017,6,5
264,325,325,中国电竞产业发展前景可期,经济日报,2017,6,5
265,326,326,四川三所高校将开设电竞专业 培养主播教练等,新华网,2017,6,4
266,327,327,海信聘电竞天团为首席体验官 旨在提升专业画质,中国新闻网,2017,6,2
267,328,328,中国电竞产业市场规模持续增长 赛事经济如火如荼,新浪综合,2017,5,31
268,329,329,业内：体育产业大环境向好 电竞产业发展前景可期 ,经济参考报,2017,5,31
269,332,332,业内人士：中国电竞产业发展前景可期,中国证券网,2017,5,30
270,333,333,玩游戏不再是不务正业？电竞高手堪比战机飞行员，亚运会上将成为正式项目,第一财经网公众号,2017,5,26
271,334,334,电竞工委会筹备成立，宏图Brookstone等涉足布局,中国新闻网,2017,5,26
272,335,335,电竞市场登堂入室 4亿玩家引爆资本,第一财经日报,2017,5,26
273,336,336,海信赞助美国EG电竞战队 体育营销套餐再添“新品”,中国新闻网,2017,5,25
274,337,337,赞助电竞！海信体育营销“越玩越6,中国网,2017,5,25
275,338,338,京东深度布局电竞生态 与LGD联手打造强IP文化,中国经济网,2017,5,24
276,339,339,德媒：中国电竞独领风骚 电游玩家成明星,新华社,2017,5,23
277,342,342,青年电竞大赛周日决战江城,新华网,2017,5,20
278,343,343,2亿《王者荣耀》玩家，拯救腾讯（00700）移动电竞梦,智通财经网,2017,5,19
279,344,344,金沙中国：非博彩业务占比将超6% 正研究电竞等新品种,智通财经网,2017,5,17
280,345,345,腾讯计划芜湖建立电竞小镇,北京商报,2017,5,17
281,346,346,雏鹰农牧：电竞基金会将结合泛娱乐跨领域投资合作,证券时报,2017,5,16
282,347,347,罗技携手腾讯互娱深耕电竞市场,中国经济网,2017,5,16
283,348,348,李嘉诚和记电讯旗下“3集团“结盟Razer进军电竞,智通财经网,2017,5,15
284,349,349,热血电竞 WCA2017创新赛事缔造传奇,中国新闻网,2017,5,12
285,351,351,联盟电竞携手完美世界剑指中国电竞千亿市场,中国新闻网,2017,5,11
286,352,352,电竞主播第一梯队年收入过千万 大部分人基本无收入,三湘都市报,2017,5,8
288,354,354,Q1电竞报告：移动电竞首超PC 直播淡出投资热点,中国新闻网,2017,4,27
289,355,355,软岛科技2016年营收增长147%，电竞布局成主要增长点,中国新闻网,2017,4,26
290,356,356,华西村第三代孙喜耀：曾考虑在外单干 与王思聪电竞,新浪综合,2017,4,21
291,357,357,阿里体育将电竞推入亚奥赛事 2022年亮相亚运会,新浪综合,2017,4,20
292,358,358,多地抢滩电竞产业 重庆忠县拟投资40亿 打造“电竞小镇”,21世纪经济报道,2017,4,19
293,359,359,入选亚运会正式项目 电竞产业“风口”来了,上海证券报,2017,4,18
294,360,360,电竞进入2022年亚运会,北京商报,2017,4,18
295,361,361,电竞将成亚运会正式比赛项目 行业再迎春天？,每日经济新闻,2017,4,18
296,362,362,电竞成为2022年亚运会正式项目 这些上市公司已抢先入场,中国证券网,2017,4,17
297,363,363,亚奥理事会与阿里体育达成合作 电竞将进入杭州亚运会,中国新闻网,2017,4,17
298,364,364,电竞成为2022年杭州亚运会正式项目,证券时报网,2017,4,17
299,365,365,老牌电竞对战平台浩方 15周年发布会即将揭秘,新华网,2017,4,16
300,366,366,联盟电竞新馆开到拉斯维加斯,新华网,2017,4,15
301,367,367,联盟电竞新店落户拉斯维加斯,新华网,2017,4,14
302,368,368,以创新赛事铸就品牌护城河 WCA布局生态电竞星球,中国新闻网,2017,4,13
303,369,369,联盟电竞新馆落户拉斯维加斯明年初开业,证券日报,2017,4,13
304,370,370,忠县强力进军电竞产业力推集群化发展,重庆商报,2017,4,13
305,371,371,联盟电竞新馆落户拉斯维加斯全球电竞网络稳步推进,中国新闻网,2017,4,12
306,372,372,联盟电竞在美建立新电竞场馆 预计2018年初开业,中国网,2017,4,12
307,373,373,《CS：GO》归来，国服成撬动中国电竞格局支点,每日经济新闻,2017,4,12
308,374,374,中国数码文化再配股 引林俊杰代言电竞战队,智通财经网,2017,4,9
309,375,375,中国数码文化(08175)获授予电竞战队使用林俊杰肖像独家权利 涉及发行2265万股代价股,智通财经网,2017,4,7
310,376,376,电竞体系 升级之路,第一财经日报,2017,4,7
311,377,377,专业电竞人才缺口20万 WCA2017公布国际教育计划,中国新闻网,2017,3,28
312,378,378,WCA2017年度发布会：突破赛事边界 引领电竞生态,经济观察网,2017,3,24
313,379,379,FunPlus领投北美顶级电竞团队Cloud9 众多明星投资人跟投,经济观察网,2017,3,24
314,380,380,京东宣布组建电竞战队 进军泛娱乐领域,中国证券网,2017,3,22
315,381,381,电竞麻将无缘全运会,重庆商报,2017,3,21
316,382,382,阿里体育发布移动电竞战略 将建职业联盟体系,中国证券网,2017,3,14
317,383,383,移动电竞促游戏业持续增长 用户超2亿收入翻倍 ,中国新闻网,2017,3,2
318,384,384,《王者荣耀》年赚70亿 移动电竞或迎500亿增长空间,中国新闻网,2017,3,1
320,386,386,2016年国内电竞总产值达269亿元,北京商报,2017,2,23
321,387,387,云图控股：农村电竞+理财高成长 买入评级,中证网,2017,2,18
322,388,388,NBA正式 杀入电竞领域,第一财经日报,2017,2,13
323,389,389,NBA正式杀入电竞领域,一财网,2017,2,12
324,2,2,联众(06899)架构新建 电竞自网游业务分离,智通财经网,2017,2,9
325,3,3,联络互动4亿认购中国数码文化可转债 共谋“移动电竞”,中国证券网,2017,2,9
326,4,4,电竞热遭遇人才短缺 英雄互娱联手高校开办专业,每日经济新闻,2017,1,19
327,5,5,瞄准年轻客群 国美进军电竞产业,北京商报,2017,1,18
328,6,6,建战队搞联赛 国美宣布进军电竞产业,中国新闻网,2017,1,18
329,7,7,行业营收来源比例“失调” 三大短板待解 联盟电竞欲打综合模式牌甩开对手,中国经济网,2017,1,18
330,8,8,中国数码文化寄望内容逐鹿电竞 行政总裁详解背后原因,证券日报,2017,1,18
331,9,9,电竞行业营收来源比例“失调” 三大短板待解,证券日报,2017,1,18
332,12,12,中国电竞市场引来资本窥伺,《小康》,2017,1,16
333,13,13,电竞年度盛典落幕,新华网,2017,1,13
334,14,14,WESG世界总决赛开赛 电竞领域首个反兴奋剂倡议面世,中国新闻网,2017,1,12
335,15,15,WESG电竞总决赛今开战,重庆商报,2017,1,12
336,16,16,2016中国电竞年度盛典盛大开幕开启电竞至高荣誉之门,经济观察网,2017,1,10
337,17,17,电竞黄金时代：从洪水猛兽到吸金产业,中国经济周刊,2017,1,9
338,18,18,中国电竞市场去年规模达400亿,北京商报,2017,1,9
339,19,19,QQ将投入5亿资源支持“电竞梦想成就计划”,证券时报网,2017,1,6
340,20,20,UCG总决赛线上线下观看总人数爆发增长 高校电竞崛起,中国新闻网,2017,1,5
342,22,22,联络互动产业版图拼上内容板块影视、电竞、直播一个不落,证券日报,2017,1,5
343,23,23,电子巨头的转型求索：国内最大电竞馆落户“华强北”,经济观察网,2017,1,3
344,24,24,电竞市场蓄势待发：巨头加速培育市场 细分领域求发展,中国证券报-中证网,2016,12,31
345,25,25,2016中国电竞年度盛典奖项提名公布,经济观察网,2016,12,23
346,26,26,华强北市场转型瞄上电竞深赛格联手联盟电竞尝试电竞馆业务,证券日报,2016,12,22
347,27,27,2016年十大电竞时刻,界面,2016,12,22
348,28,28,联盟电竞携手深赛格 电竞成传统电子市场转型催化剂,新浪港股,2016,12,21
349,29,29,萧泓：中国电竞需要人才和赛事,界面,2016,12,21
350,32,32,外媒电竞报告：2016年增长之后将在17年引来风暴,界面,2016,12,20
351,33,33,电竞市场六年增长10倍 腾讯之后又来了国家队,界面,2016,12,19
352,34,34,WCA倾力打造电竞生态圈 公司称未来方向一定是上市,证券日报,2016,12,19
353,35,35,银川深耕电竞产业,经济日报,2016,12,19
354,36,36,世界电竞大赛全球总决赛中国战队成大赢家,新华网,2016,12,18
355,37,37,丁东：电竞行业需对资本涌入有所鉴别,中国政府网,2016,12,18
356,38,38,电竞产业进入快车道 赛事接踵而至企业积极布局,中国证券报-中证网,2016,12,16
357,39,39,赛事接踵而至：电竞产业进入快车道 资本市场积极布局,中国证券报-中证网,2016,12,16
358,40,40,深圳赛格股份有限公司关于与天津联盟电竞互联网科技有限公司签署战略合作协议的公告,证券时报,2016,12,16
359,41,41,深赛格牵手联盟电竞打造深圳电竞馆项目,证券时报,2016,12,16
360,42,42,深赛格与天津联盟电竞战略合作,中证网,2016,12,15
361,43,43,深赛格与天津联盟电竞签署战略合作协议,中国证券网,2016,12,15
362,44,44,争议中的电竞：洪水猛兽还是新锐产业,新华网,2016,12,14
363,45,45,高溢价引资本涌入电竞行业,时代周报,2016,12,13
364,46,46,电竞难掩急功近利：市场年增速超30% 从业企业估值暴涨,北京商报,2016,12,12
365,47,47,“钛度科技”李晓峰：电竞冠军转型创业菜鸟,经济参考报,2016,12,9
366,48,48,腾讯电竞谋划独立 马化腾想做游戏界的英超联赛,界面,2016,12,8
367,49,49,网红频出资本猎逐 电竞业发展如何“健康成长”？,中国新闻网,2016,12,7
368,60,60,兄弟惜英雄？影视霸主电竞新贵欲上演新三板世纪联姻,新浪财经,2016,11,25
369,61,61,华谊兄弟筹划百亿元重组 抢滩移动电竞风口,证券日报,2016,11,25
370,62,62,华谊兄弟二度牵手英雄互娱 发力移动电竞,证券时报,2016,11,25
371,63,63,华谊兄弟筹划百亿元重组 控股英雄互娱 抢滩“移动电竞”风口,证券日报,2016,11,25
372,64,64,游视拆分直播电竞业务 聚力传媒拟收购龙珠直播100%股权,中国网,2016,11,16
373,65,65,OKCoin币行比特币 区块链技术解决电竞行业失信问题,FX168,2016,11,11
374,66,66,南极电商超50%净利率存疑：阿里京东竞折腰,中国经济网,2016,10,26
375,67,67,CCGA颁奖盛典聚集电竞大咖,北京商报,2016,10,24
376,68,68,金利科技拟逾18亿收购微屏软件 布局电竞+VR,齐鲁晚报,2016,10,20
377,69,69,兰州电竞馆开馆：VR体验、网游产业热度攀升(图),中国新闻网,2016,10,8
378,73,73,阿里体育与巨人网络宣布达成移动电竞战略合作,新浪科技,2016,9,8
379,74,74,设立电竞专业，欠考虑还是“钱”考虑,北京商报,2016,9,8
380,75,75,万家文化的二次问询透露电竞行业秘密：主播分成差异大,界面,2016,9,6
381,76,76,还记得曾经的联众世界吗？ 如今进军体育电竞：不买战队，不养主播,证券时报网,2016,9,3
382,77,77,万家文化拟收购电竞企业 上交所二次询问标的公司详情,一财网,2016,9,1
383,78,78,S2总决赛将战 WCA构建电竞体育化生态圈,中国新闻网,2016,8,26
384,79,79,电竞产业狂飙突进 资本加速布局(股),证券时报网,2016,8,18
385,80,80,联盟电竞欧洲首发声：宣布成立分公司,新浪港股,2016,8,18
386,81,81,联盟电竞注资Esports Arena 联众出击北美意在全球,证券日报,2016,8,15
387,82,82,联众旗下联盟电竞注资北美电竞公司Esports Arena,中国证券网,2016,8,12
388,83,83,首届电竞奥运会将举行 上市公司积极入场,中国证券报-中证网,2016,8,12
389,84,84,万家文化并购重组：牵手明星赵薇进军电竞,新浪财经,2016,8,9
390,85,85,中国游戏直播市场规模将超2亿 电竞业尚处烧钱阶段,中国新闻网,2016,8,2
391,86,86,中国游戏直播市场规模将超2亿 电竞产业尚处于烧钱阶段,扬子晚报,2016,8,2
392,87,87,激活大众电竞市场的活力,经济日报,2016,8,1
393,88,88,英雄体育完成6.4亿元融资 成移动电竞市场的领先者 ,每日经济新闻,2016,7,29
394,89,89,国行版Xbox one S有望年底面市 发力影游联动、电竞、视频,一财网,2016,7,28
395,92,92,阿里体育欲洗牌电竞生态圈 将邀10000家网吧加盟电竞馆,中国新闻网,2016,7,27
396,93,93,与IeSF结盟，阿里体育构建电竞生态圈,国际金融报,2016,7,27
397,94,94,大众电竞亿万蓝海待挖掘 盛天网络“快乐电竞”抢先布局,证券时报网,2016,7,26
398,95,95,独家牵手IeSF 阿里体育构建电竞生态圈,证券时报网,2016,7,26
399,97,97,万家文化近8亿收购两电竞公司 加速“泛娱乐”产业布局,证券时报网,2016,7,22
400,98,98,万家文化拟7.8亿收购两公司 加速电竞领域布局,中国证券网,2016,7,22
402,100,100,蓝游文化“创联赛-全球电竞嘉年华”概念全面升级,中国新闻网,2016,7,18
403,101,101,中国数码文化：把周杰伦签进电竞,中国经营报,2016,7,16
404,102,102,电竞调研S3：体育总局权威人士谈电竞,新浪港股,2016,7,13
405,103,103,明星跨界电竞 风口上电竞直播的新尝试,21世纪经济报道,2016,7,12
406,104,104,王思聪再出手 3000万投资蓝游文化布局高校电竞,一财网,2016,7,1
407,105,105,中国数码文化携手乐视体育点燃DOTA2电竞之夜,中证网,2016,6,26
408,106,106,"投资高校电竞市场，""投胎能手""王思聪进一步加码？",一财网,2016,6,23
409,107,107,电竞草根调研S2：第三方顶级赛事难盈利，巨头笼罩成行业阴影,综合,2016,6,21
410,108,108,电竞产业风口：有望撬动千亿市场 或将诞生奥运会,每日经济新闻,2016,6,21
411,109,109,云集将来跨界打造电竞内容平台 王思聪出任董事长,一财网,2016,6,17
412,110,110,王思聪抢占网红电竞直播三大风口 超越父亲只是时间问题,中国企业家,2016,6,13
413,111,111,全国大学生电竞联赛湖北赛区将在汉“开战”,荆楚网-楚天金报,2016,6,12
414,112,112,2016全国电竞公开赛12月举办 总奖金高达110万元,证券时报网,2016,6,3
415,113,113,中国数码文化就电竞直播订战略合作协议,大智慧阿思达克通讯社,2016,6,3
416,114,114,雷柏科技：传统业务向电竞外设转型 推荐评级,中证网,2016,6,1
417,115,115,雷柏科技:传统业务向电竞外设转型 无人机、机器人领域异军突起,中证网,2016,6,1
418,116,116,电竞线下调研S1:网咖与电竞互不匹配 产业仍需资本催熟 ,新浪港股,2016,5,27
419,117,117,“创新秀”试水渠道价值 电竞市场或赢新未来,中国新闻网,2016,5,25
420,118,118,乐视体育冠名WCA布局电竞市场,北京商报,2016,5,25
421,119,119,乐视体育冠名WCA进军电竞行业,21世纪经济报道,2016,5,21
422,120,120,资本抢滩电竞产业 乐视体育凑热闹布局电竞教育 ,新浪财经,2016,5,21
423,121,121,赛事同质化 电竞产业混战抢地盘,中国经营报,2016,5,21
424,122,122,新文化:布局电竞产业 泛娱乐布局持续多元化,中证网,2016,5,20
425,123,123,新文化投资5000万元布局电竞产业,证券时报网,2016,5,18
426,124,124,新文化：投资5000万元布局电竞产业,中证网,2016,5,18
427,125,125,利好叠加机构详解电竞版图 6只个股上涨空间有望超50%,证券日报,2016,5,17
428,126,126,电竞入门必学三招,北京商报,2016,5,17
429,127,127,体育总局筹办首届电竞嘉年华 概念股活跃,中国证券网,2016,5,16
430,128,128,体育总局筹办首届电竞嘉年华,上海证券报,2016,5,16
431,129,129,[路演]雷柏科技:电竞系列占国内过半销售额,全景网络,2016,5,11
432,140,140,游戏概念股走强 移动电竞大赛成催化剂,证券时报,2016,4,14
433,141,141,全国移动电竞大赛下周一正式启动 概念股,新浪财经,2016,4,14
434,142,142,移动电竞体育正式“入场” 最好的时代来了吗？,东方网,2016,4,7
435,143,143,移动电竞体育正式“入场”,上海证券报,2016,4,7
436,144,144,博瑞传播拟参设项目公司涉足电竞行业,中国证券网,2016,4,6
437,145,145,雏鹰农牧：电竞布局有望加速 增持评级,中证网,2016,4,5
438,146,146,电竞 龙头应该在港股,综合,2016,4,5
439,147,147,[传闻求证]京东方A推电竞显示器？,全景网络,2016,4,5
440,148,148,机构看好7大行业 关注无人驾驶、电竞等,证券时报网,2016,3,31
441,149,149,启动首个原创赛事 阿里体育“热身”电竞产业,上海证券报,2016,3,31
442,153,153,二手车C2C电商融资竞速：“极品飞车”谁接盘？,21世纪经济报道,2016,3,30
443,154,154,雏鹰农牧牵手WE三大创始人 设电竞产业基金,每日经济新闻,2016,3,30
444,155,155,【一般推荐】通信宋嘉吉/王胜：迅游科技（300467）移动电竞与VR崛起，网游加速迎新起点——迅游科技公司更新报告,新浪财经,2016,3,29
445,156,156,雏鹰农牧一季度预计扭亏 斥资5亿参设电竞产业投资基金,证券时报网,2016,3,29
446,157,157,英雄互娱：坚持移动电竞商业化体育化运营,经济观察网,2016,3,29
447,158,158,复牌前日“高唱”电竞转型 金亚科技难掩投资者索赔声音,一财网,2016,3,29
448,159,159,国泰君安:移动电竞再掀青春热浪 市场非常广阔,全景网络,2016,3,29
449,160,160,【重点推荐】策略乔永远/戴康：移动电竞主题再掀青春热浪,新浪财经,2016,3,28
450,161,161,电竞行业加速发展 行业现蓝海机会(股),中国证券网,2016,3,28
451,162,162,传媒行业:总局推进移动电竞 继续看好VR内容,全景网络,2016,3,25
452,163,163,银川借力赛事发展电竞奥运经济,经济日报,2016,3,25
453,164,164,联众牵头成立“联盟电竞” 打响中国电竞全球攻略战,中国新闻网,2016,3,24
454,165,165,掌趣科技联手多家巨头打造“联盟电竞”,中国新闻网,2016,3,24
455,166,166,“联盟电竞”成立 体育化运作能“拯救”传统电竞？,一财网,2016,3,24
456,167,167,联众国际发起联盟电竞 将建十几个全球电竞馆,新浪科技,2016,3,24
457,168,168,官方首开移动电竞大赛，撬动百亿新风口,21世纪经济报道,2016,3,22
458,169,169,“电竞股”九九互娱登陆新三板 多高管曾是职业玩家,21世纪经济报道,2016,3,21
459,170,170,体育总局首推移动电竞大赛 会捕鱼也能进国家队,每日经济新闻,2016,3,21
460,171,171,移动电竞等风来,北京商报,2016,3,21
461,172,172,体育总局：电竞市场达270亿或开竞猜,21世纪经济报道,2016,3,19
462,173,173,深赛格涨停 拟携手网鱼科技涉足电竞领域 ,新浪财经,2016,3,15
463,174,174,深赛格拟联手“网鱼网咖”品牌涉足电竞业务,中国证券网,2016,3,14
464,175,175,WCA 2016开启电竞培训,北京商报,2016,3,14
465,176,176,营收增长13倍 中国第一村推出新三板电竞第一股！ ,新浪财经,2016,3,11
466,177,177,金亚科技参股子公司与IeSF共建电竞学院,证券时报网,2016,3,10
467,178,178,电竞创业公司抱团对抗巨头,北京商报,2016,3,4
468,179,179,DOTA2玩上新三板 电竞股耀宇文化亮相,每日经济新闻,2016,3,1
469,180,180,[互动]盛天网络:电竞是未来发展重点之一,全景网络,2016,2,23
470,181,181,中国数码文化进军电竞行业 1000万股权绑定周杰伦,中国经济网,2016,2,19
471,182,182,中国数码文化进军电竞行业 绑定周杰伦“赚大了”,证券日报,2016,2,19
472,183,183,周杰伦与数码文化成立电竞公司,北京商报,2016,2,18
473,184,184,中国数码文化拟与周杰伦在电竞领域合作,中国证券网,2016,2,17
474,185,185,[互动]中青宝:电竞平台和电竞赛事在计划中,全景网络,2016,2,17
475,186,186,周杰伦进军港股 与中国数码文化成立电竞公司,新浪港股,2016,2,17
476,187,187,快讯：中国数码文化高开1.2% 计划与周杰伦成立电竞公司,新浪港股,2016,2,17
477,188,188,周杰伦进军港股 电竞概念股将诞生,港股那点事,2016,2,17
478,189,189,基金挖掘结构性行情强势股 电竞行业关注度高,上海证券报,2016,2,17
479,192,192,文化部牵头成立电竞分会 概念股值得关注,证券时报网,2016,2,5
480,193,193,电竞热催熟伪潮牌,北京商报,2016,1,27
481,194,194,资本瞄上电竞市场创业公司,北京商报,2016,1,21
482,195,195,“年轻人”产业链受关注 苏宁进军电竞领域,中国经营报,2016,1,9
483,196,196,暴雪加码赛事电商入局电竞压力锐增,北京商报,2016,1,8
484,197,197,电商入局 电竞被迫加速,北京商报,2016,1,6
485,198,198,匹克牵手TCL涉足体育电竞市场,北京商报,2015,12,29
486,199,199,苏宁加码布局体育产业 进军电竞市场,中证网,2015,12,28
487,210,210,“电竞第一股”来了！网映文化NEOTV挂牌新三板,每日经济新闻,2015,12,16
488,211,211,万家文化:主业剥离 重点布局电竞传媒,中证网,2015,12,15
489,212,212,二十而退：一位前电竞选手的后电竞故事,界面,2015,12,12
490,213,213,王中军现身英雄互娱 华谊押宝移动电竞,每日经济新闻,2015,12,10
491,214,214,王思聪谈进电竞圈初衷：想帮选手改善生活,参考消息网,2015,12,8
492,215,215,2015年电竞市场产值或超500亿 缺乏核心竞争力遭诟病,新京报,2015,11,29
493,216,216,移动电竞虚假繁荣：目前难以谈盈利问题,国际金融报,2015,11,23
494,217,217,万家文化:旗下电竞公司与优酷土豆达成战略合作,中证网,2015,11,19
495,218,218,万家文化牵手优酷土豆 开展电竞与游戏文化IP合作,证券时报网,2015,11,19
496,219,219,万家文化旗下电竞公司与优酷土豆达成战略合作,中国证券网,2015,11,19
497,223,223,深扒国民老公的电竞事业:主播年薪千万不是事儿,金羊网-新快报,2015,11,16
498,224,224,浙江万好万家文化股份有限公司关于旗下万好万家电竞公司签订战略合作协议公告,上海证券报,2015,11,3
499,225,225,万好万家与永乐票务合作电竞传媒等业务,证券时报网,2015,11,2
500,226,226,[公司]万好万家电竞子公司与春秋永乐合作,全景网络,2015,11,2
501,227,227,万好万家牵手永乐票务合作电竞传媒等业务,中国证券网,2015,11,2
502,228,228,电竞直播平台鏖战在即,《法人》,2015,10,27
503,229,229,移动电竞行业两大阵营抗礼 手游产品稀缺价格高,第一财经日报,2015,10,26
504,232,232,移动电竞：蓝海还是苦海,第一财经日报,2015,10,26
505,233,233,王思聪身价从5亿变40亿：要做电竞娱乐国民老板,界面,2015,10,19
506,234,234,浙江万好万家实业股份有限公司关于旗下万好万家电竞公司签署战略合作协议的公告,上海证券报,2015,10,17
507,235,235,新三板里的游戏电竞公司:从王思聪的新三板情缘说起,全景网络,2015,10,9
508,236,236,万好万家布局电竞产业 催生亚文化传媒第一股,财经网,2015,9,28
509,237,237,浙江万好万家实业股份有限公司关于成立合资公司投资电竞产业的公告,上海证券报,2015,9,26
510,238,238,万好万家460万合资设立电竞传媒公司,证券时报网,2015,9,25
511,239,239,[公司]万好万家拟投460万合设电竞传媒公司,全景网络,2015,9,25
512,240,240,王思聪又投英雄互娱 欲建立电竞帝国？,第一财经日报,2015,9,15
513,241,241,电竞行业“复活”：俱乐部从30家增至千家,每日经济新闻,2015,9,8
514,242,242,顶级大赛奖金高达1800万美元 电竞产业链崛起揭秘,每日经济新闻,2015,9,8
515,243,243,王思聪助推顶级电竞主播年薪千万,每日经济新闻,2015,9,8
516,244,244,王思聪也看好的电竞：TI5总奖金达1837万美元,每日经济新闻网,2015,8,9
517,245,245,电竞馆现身长沙欲救网吧业 价格比网吧贵十倍,三湘都市报,2015,8,6
518,246,246,中手游肖健：强势进军移动电竞,新浪财经,2015,7,30
519,247,247,资本为何竞相押注农业电商,经济观察报,2015,7,26
520,248,248,资本蜂拥布局电竞产业 千亿市场争夺战打响在即,中国产经新闻报,2015,7,17
521,249,249,钢铁电商巨头首聚共商发展大计 行业开启竞合模式,大智慧阿思达克通讯社,2015,7,13
522,251,251,银川：“反梯度”战略催生电竞之都,经济日报,2015,7,13
523,252,252,[传闻求证]浙报传媒涉足电竞手游？,全景网络,2015,7,9
524,253,253,上能电力百日竞速新电改售电业务第一枪,经济观察报,2015,6,28
525,254,254,10亿元产业基金落户 银川电竞行业“非典型”崛起,21世纪经济报道,2015,5,26
526,255,255,中手游或分步回归A股 主攻移动电竞,一财网,2015,5,20
527,256,256,打游戏不如做主播 电竞解说收入超2000万,第一财经日报,2015,5,15
528,257,257,电竞结盟互联网流量大户：优酷造星 淘宝卖货,第一财经日报,2015,5,13
529,258,258,雏鹰农牧：互联网与电竞战略打开市值空间 买入评级,中证网,2015,5,12
530,259,259,[公司]金亚科技孙公司与淘宝合作电竞业务,全景网络,2015,5,8
531,261,261,中手游布局移动电竞 发布新款游戏拳皇,新浪财经,2015,5,7
532,262,262,金亚科技入主WCA 打造首个世界级电竞生态链,国际在线,2015,5,5
533,263,263,中手游肖健解读行业新风向：电竞手游强势崛起,新浪财经,2015,4,29
534,264,264,中手游杜鑫歆：移动电竞市场今年集中爆发,中国证券网,2015,4,24
535,265,265,游戏催生电竞主播新职业 你能拿千万年薪吗,重庆商报,2015,4,16
536,266,266,电竞解说的台前幕后,国际金融报,2015,4,13
537,267,267,传媒行业:电竞、彩票纷纷利好 影视内容后劲强大,全景网络,2015,4,7
538,268,268,金亚科技：游戏全产业链布局 电竞行业龙头,中证网,2015,4,7
539,269,269,选手变身主播：电竞平台要走视频网站的老路？,第一财经日报,2015,3,30
540,270,270,电竞解说员如何做到收入千万：能源富二代进入,第一财经日报,2015,3,26
541,271,271,电竞解说员如何做到收入千万,第一财经日报,2015,3,26
542,272,272,移动电竞时代到来 有望挑战腾讯,第一财经日报,2015,1,6
543,273,273,浙报传媒:打造电竞及智慧服务产业 坚定转型的传媒龙头,中证网,2014,12,31
544,274,274,浙报传媒:培植体育新业务 发力电竞新时代,中证网,2014,12,29
545,275,275,WCA精彩落幕 空中网开启国际化电竞之路,美通社,2014,10,6
546,276,276,科冕木业：WCA电竞大赛催生游戏第一股,证券时报网,2014,9,18
547,277,277,资本吹涨电竞直播泡沫,第一财经日报,2014,8,27
548,278,278,产业链初成电竞商业化需过两道坎,第一财经日报,2014,8,13
549,279,279,电商物流竞速战一触即发 资金实力成最大考验,中国新闻网,2014,8,12
550,281,281,资本涌入电竞行业第二春来了？,第一财经日报,2014,8,6
551,282,282,空中网张颖楠：端游机会在创新电竞化是趋势,新浪财经,2014,8,5
552,283,283,盘点网络新兴职业：电竞夺世界冠军可在北京买房,一财网,2014,7,24
553,284,284,汽车电商大热 产业竞合趋势渐显,经济观察报,2013,12,6
554,285,285,AMD四核APU 助力中国电竞队出征,新闻晚报,2013,8,2
555,286,286,国泰君安：浙报传媒 电竞与手游双驱动,证券时报网,2013,7,3
556,287,287,浙报传媒：转型坚决 电竞与手游双驱动,全景网,2013,7,2
557,288,288,SKL中韩对抗赛总决赛开幕 17173智造电竞文化,北京青年报,2013,6,21
558,291,291,竞速用户体验 电商逐鹿物流领域(图),天津网-每日新报,2013,1,3
559,292,292,电竞网游，已成行业新增长点,扬子晚报,2012,12,17
560,293,293,杭州：“电商”“快递”如影随形竞增长,中国网,2012,9,6
561,294,294,电商应从竞争走向竞合,大众网-大众日报,2012,8,17
562,295,295,电商应从“竞争”走向“竞合”,中国网,2012,8,16
563,296,296,仪电电子3138万竞得广电晶新100%股权,时报快讯-证券时报网,2012,7,6
564,297,297,电商竞开店中店　 品牌消费渐成网购主流,通信信息报,2012,4,12
565,298,298,陈年：物竞天择并非电商冬天,《新领军》杂志,2012,3,19
566,299,299,南海发展股份有限公司关于竞得佛山市南海绿电再生能源有限公司30%股权的提示性公告,证券时报网,2012,1,20
567,310,310,电竞总决赛,京华时报,2007,7,28
568,311,311,数百名电竞高手参加“电竞奥运会”,每日经济新闻,2007,5,21
569,312,312,GOC把快乐电竞进行到底,北京娱乐信报,2007,1,31
570,313,313,电竞上演终极PK GOC全国总决赛火爆京城,北京娱乐信报,2007,1,29
571,314,314,联想国际电竞比赛落幕 韩中选手各夺冠军,新华网,2006,12,13
572,315,315,联想擂响电竞总决赛（图）,华夏时报,2006,12,10
573,316,316,三星超越游戏携WCG建电竞生态圈,沈阳网-沈阳今报,2006,8,22
574,317,317,休闲类比赛将成电竞主角,北京娱乐信报,2006,8,4
575,318,318,[暑促进行时]联想电竞携“超人”锋行全国,金羊网-民营经济报,2006,7,31
576,319,319,成都掀起全球电竞风暴,四川新闻网-成都商报,2006,7,12
577,320,320,联想斥千万推电竞大赛 海内外全面开始“娱乐营销”,北京娱乐信报,2006,6,8
578,321,321,电竞大赛,京华时报,2006,5,13
579,322,322,电竞联赛牵动网吧开采“新矿”,四川在线-华西都市报,2006,4,27
580,323,323,网吧利润率减半 联盟电竞求出路,四川新闻网-成都商报,2006,4,26
581,324,324,电竞产业抢滩华南高校,金羊网-民营经济报,2005,12,8
582,325,325,电竞国家队挑战赛将鸣锣,扬子晚报,2005,9,20
583,326,326,高盛报告指出和电研究竞投大马3G牌,财华社,2005,8,5
584,327,327,电竞运动,人民网-市场报,2005,8,3
585,328,328,2005电竞运动会揭幕（电子竞技）,人民网-市场报,2005,6,3
586,329,329,联想携手ＧａｍｅＳｐｏｔ举办电竞大赛,北京晨报,2005,1,19
587,330,330,联想锋行电竞挑战赛昨日开战,北京晨报,2004,11,11
588,331,331,电竞精英大赛“猎人”夺冠,四川新闻网-成都商报,2004,9,18
