,Unnamed: 0,title,source,year,month,day
0,0,2018 NESO北京赛区电子竞技选拔赛开启,新浪体育,2018,11,14
1,1,我儿子2007年出生，他现在的愿望是考入清华大学电子竞技系,新浪育儿,2018,11,10
2,2,调查显示一部更大的手机可以帮助你赢得电子竞技锦标赛,cnbeta,2018,10,12
3,3,演绎传统体育与电子竞技的《傲慢与偏见》——RNG跑团,新浪体育,2018,9,29
4,4,新华社电子竞技调研之三：电竞=电子游戏吗？,新华社,2018,9,27
5,5,新华社电子竞技调研之二：“巨大吸引力”与“上瘾”,新华社,2018,9,27
6,6,电子竞技入亚分歧远未停止 未成年人谁来保障？,新华社,2018,9,27
7,7,2018省高校电子竞技联赛10月将决战南京,扬子晚报网,2018,9,19
8,8,快讯：电子竞技板块异动拉升 天神娱乐逼近涨停,新浪财经,2018,9,12
9,9,亚运中国十大亮点：农民成为冠军 电子竞技引热潮,体育综合,2018,9,5
10,10,奥委会主席巴赫：电子竞技除非移除暴力元素，否则不能入奥,新浪财经,2018,9,3
11,11,侠客岛:从玩物丧志到为国争光 电子竞技值得严肃探讨,侠客岛,2018,8,31
12,12,全球电子竞技市场崛起为品牌营销提供重大机遇,环球网,2018,8,30
13,13,霍启刚：想搭一座桥 让电子竞技走向正确的方向,新华社,2018,8,28
14,14,电子竞技 电竞比赛开赛 中国队首日夺冠,央视网,2018,8,27
15,15,视频-上海市电子竞技运动协会第二期专业裁判员培训班启动,新浪体育,2018,8,26
16,16,花旗：电子竞技将颠覆多个行业，并推动英伟达发展。高速互联网和,新浪财经,2018,8,24
17,17,电子竞技走进亚运会 不能成为沉迷网游的理由,新浪科技综合,2018,8,23
18,18,2018SEC首届山西电子竞技大赛火热开战,山西新闻网,2018,8,22
19,19,电子竞技首次成亚运会正式比赛项目：腾讯或成大赢家,新浪科技,2018,8,20
20,20,电子竞技不是沉迷游戏的理由,湖南日报,2018,8,15
21,21,快讯：晨鑫科技直线封板 带动电子竞技板块跟涨,新浪财经,2018,8,13
22,22,《电子竞技场馆运营服务规范》发布，关注相关标的,一财网,2018,8,9
23,23,国内首部《电子竞技场馆运营服务规范》正式发布,中国证券网,2018,8,8
24,24,电子竞技入选亚运会，如何助推电竞走向产业化？,中国新闻网,2018,8,8
25,25,电子竞技职业化还需努力 |新体谈,新京报,2018,8,7
26,26,电子竞技“国家队”将出征亚运会！一图了解电子竞技,海外网,2018,8,7
27,27,"电子竞技""国家队""将出征亚运会!一图了解电子竞技",海外网,2018,8,7
28,28,电子竞技“国家队”将出征亚运会！电竞=打游戏？真没那么简单……,央视新闻,2018,8,6
29,29,电子竞技“国家队”出征亚运会 电竞等同打游戏吗,央视新闻,2018,8,6
30,30,中国有R！跨越20000公里为电子竞技发声的全民运动,新浪体育,2018,8,3
31,31,电子竞技市场的中国脚步,中关村,2018,8,3
32,32,2018ChinaJoy前瞻：电子竞技成新蓝海,21世纪经济报道,2018,8,3
33,33,2018东方体育大讲堂首开 业内人士共议电子竞技在沪发展,中国证券网,2018,8,2
34,34,打游戏为国争光？电子竞技早就职业化了,中国青年报,2018,8,1
35,35,电子竞技迎繁荣时代 中国战队获《绝地求生》冠军,21世纪经济报道,2018,8,1
36,36,电子竞技迎来繁荣时代 中国战队斩获《绝地求生》世界冠军,21世纪经济报道,2018,8,1
37,37,电子竞技迎来繁荣时代 中国战队《绝地求生》夺冠,21世纪经济报道,2018,8,1
38,38,关注 | “电子竞技”要组“国家队”！网友连呼“感动”,参考消息,2018,7,30
39,39,"国家体育总局发布通知""电子竞技""要组""国家队""!网友连呼""感动""",华声在线,2018,7,30
40,40,重庆市委陈敏尔调研忠县，到访大唐网络重庆忠县电子竞技产业孵化中心,海峡风,2018,7,30
41,41,关于举办2018年全国电子竞技公开赛的通知附规程,新浪体育综合,2018,7,30
42,42,国家体育总局：12月举办2018全国电子竞技公开赛,证券时报网,2018,7,29
43,43,国家体育总局：举办2018年全国电子竞技公开赛,新浪财经,2018,7,29
44,44,外媒：中国成为国际电子竞技领域有力竞争者,新华国际,2018,7,29
45,45,电子竞技哪家强？中国山东找蓝翔！,PingWest,2018,7,26
46,46,图集：Leaders峰会解读中国电子竞技,其他,2018,7,25
47,47,中国电子竞技产业高速发展，市场规模或超880亿元,新浪财经,2018,7,10
48,48,中国电子竞技产业高速发展 市场规模或超880亿元,中国新闻网,2018,7,10
49,49,伽马数据：2018电子竞技用户将达到4.3亿人，市场规模将超880亿元,新浪财经,2018,7,10
50,50,电子竞技项目或将有机会进入奥运会,财经网,2018,6,29
51,51,中国手游在韩卖11个亿 亚运会电子竞技成绩一般,体育综合,2018,6,25
52,52,澳门电子竞技总会长：澳门将成国际电竞接轨点,中国新闻网,2018,6,19
53,53,CEC2018苏州激情开幕！中国电子竞技嘉年华总部基地落户苏州,扬子晚报网,2018,6,18
54,54,腾讯掘金电子竞技：赛制借鉴NBA模式 版权费超亿元,澎湃新闻,2018,6,17
55,55,腾讯掘金电子竞技:赛制借鉴NBA 赛事版权费超亿元,澎湃新闻,2018,6,17
56,56,中国电子竞技嘉年华苏州开幕,新华日报,2018,6,17
57,57,忠县：以电子竞技促进全民健身运动全面开展,重庆日报,2018,6,12
58,58,游戏盛会E3开幕，巨头布局电子竞技,华盛证券,2018,6,11
59,59,辽宁省第十三届运动会电子竞技比赛总决赛圆满落幕,华商晨报,2018,6,11
60,60,电子竞技开启PC全新领域 多家厂商再度发力,新华网,2018,6,7
61,61,世界冠军组队跨界电子竞技项目 盼电竞未来入奥运,中国新闻网,2018,5,31
62,62,为电子竞技裁判员送上法治课,检察日报,2018,5,31
63,63,贵阳将举办首届“数谷之心”杯电子竞技赛,人民日报海外版海外网,2018,5,24
64,64,电子竞技离奥运赛场还远吗,南京日报,2018,5,17
65,65,辽宁省第十三届运动会电子竞技比赛即将开赛,华商晨报,2018,5,17
66,66,腾讯首席战略官：电子竞技会成为重要收入来源。,新浪财经,2018,5,16
67,67,打游戏也可为国争光 电子竞技入选亚运会表演项目,体育综合,2018,5,14
68,68,推荐电子竞技专业受争议,经济日报,2018,5,10
69,69,土特产遇上电子竞技,中国经济网,2018,5,8
70,70,2018年UCL中国大学生电子竞技联赛圆满落幕,新浪体育,2018,5,7
71,71,中国一东盟电子竞技大赛9月举行 赛事覆盖东盟十国,中国新闻网,2018,4,29
72,72,2018中国一东盟电子竞技大赛在南宁启动,新浪财经,2018,4,29
73,73,我能用国足参加国际足联的电子竞技世界杯吗？,人民日报海外版海外网,2018,4,12
74,74,电子竞技将亮相京交会,中国体育报,2018,4,2
75,75,霍启刚：电子竞技可登亚运奥运大雅之堂,中国青年报,2018,3,28
76,76,电子竞技奥运路还有多长 最大限度规避游戏副作用,新华社,2018,3,20
77,77,第二届世界电子竞技运动会全球总决赛闭幕 中国女子CS：GO获亚军,中国新闻网,2018,3,19
78,78,中国青年电子竞技大赛天津站正式启动,中国新闻网,2018,3,18
79,79,阿里巴巴希望电子竞技成奥运项目 但不能有暴力血腥,新浪科技,2018,3,13
102,102,国内思想周报|妇女节性别问题大讨论；电子竞技登上北大课堂,澎湃新闻,2018,3,12
103,103,电子竞技有佳人 WESG总决赛女子选手成靓丽风景,新浪体育,2018,3,9
104,104,顶级家电与消费电子展开幕 上市公司竞技智慧生活,上海证券报,2018,3,9
105,105,法媒：电子竞技在中国众多校园渐成热门课,环球网,2018,2,24
106,106,马云：中国项目入奥不能太功利 电子竞技不同游戏,新华网,2018,2,10
107,107,一亿元股权激励！电子竞技哪家强，中国山东找蓝翔,澎湃新闻,2018,2,8
108,108,逾千万观众在看电子竞技 哪些公司有望瓜分蛋糕？,中国证券网,2018,1,21
109,109,中国高校电子竞技联盟成立，由中国传媒大学牵头,澎湃新闻,2018,1,16
110,110,ViewSonic优派助阵2017国际电子竞技嘉年华,小熊在线,2018,1,13
111,111,电子竞技调研报告：我们拿什么跟电竞抢孩子？,中青在线,2018,1,12
112,112,我们拿什么跟电竞抢孩子？——一份关于电子竞技的调研报告,新华网,2018,1,11
113,113,电子竞技产业迅猛发展 玩游戏再也不是“不务正业”了,创业邦,2018,1,7
114,114,绿地向电子竞技场景运营商战略投资6000万元,界面,2018,1,5
115,115,绿地集团跨界进军电子竞技产业,新浪财经,2018,1,5
116,116,2017年成中国电子竞技元年 三大理由显示行业步入正轨,中国新闻网,2018,1,2
117,117,电子竞技哪家强？ 网友：也到中国山东找蓝翔,环球网,2017,12,27
118,118,2017电子竞技中韩对抗赛 两国电玩高手常州上演龙争虎斗,中国新闻网,2017,12,22
119,119,平昌电子竞技锦标赛资格赛举行,中国体育报,2017,12,22
123,123,图集：2017海峡两岸大学生电子竞技大赛在南京火热开赛,其他,2017,12,20
124,124,用手比拼 用眼浏览 用嘴品尝 用心交流 两岸大学生电子竞技大赛在宁开赛,南京晨报,2017,12,20
125,125,2017全国电子竞技公开赛总决赛在蓉举行,成都商报,2017,12,16
126,126,“菠菜” —— 电子竞技大潮之上的“赌博疑云”,DoNews,2017,12,15
127,127,世界大学生电子竞技联赛全球总决赛 湖南两支战队夺冠,华声在线,2017,12,12
128,128,中国电子竞技产业迎井喷式发展 85%相关就业岗位虚位以待,参考消息,2017,12,12
129,129,从黑网吧到鸟巢，中国电子竞技走了多久？,智通财经网,2017,12,11
130,130,中国信息科技可能收购线上电子竞技比赛平台Polar Imagination Li,新浪财经,2017,11,29
131,131,中国信息科技(08178)就或收购线上电子竞技比赛平台不多于51%股权订立谅解备忘录,智通财经网,2017,11,29
132,132,中国信息科技(08178-HK)拟收购线上电子竞技比赛平台业务,财华社,2017,11,29
133,133,电子竞技：中国开放的新维度,海外网,2017,11,28
134,134,推进电子竞技产业规范化发展,经济日报,2017,11,28
135,135,电子竞技纯手速玩家的好消息 原来的辅助软件都属于挂,IT时代网,2017,11,25
136,136,2017 CHINA TOP国家杯电子竞技大赛全球总决赛完美收官,中国新闻网,2017,11,24
137,137,电子竞技为厦门开辟经济发展新模式,中国体育报,2017,11,15
138,138,第九届世界电子竞技锦标赛比赛第二日 中国两项目进入四分之一决赛,体育总局网站,2017,11,13
139,139,中国电子竞技代表队出征第9届世界电子竞技锦标赛 首个比赛日顺利结束,体育总局网站,2017,11,10
143,143,将电子竞技视为“运动”,经济日报,2017,11,9
144,144,安徽省彩民运动会电子竞技比赛落幕,新浪彩通,2017,11,7
145,145,高校电子竞技是富矿 如何开采费思量,cnbeta,2017,11,5
146,146,蓝翔开设“电竞”专业引热议！你还以为电子竞技就只是游戏么?,中国日报,2017,11,3
147,147,电子竞技“转正” 还需消除网游影响,新华日报,2017,11,3
148,148,忠县电子竞技公共服务平台上线,重庆商报,2017,11,2
149,149,迎风口踏浪尖 里昂EDG电子竞技俱乐部正式成立,新浪综合,2017,10,31
150,150,国际奥委会声明：eSports电子竞技将有望成为奥运项目,cnbeta,2017,10,31
151,151,"打游戏成正经事?国际奥委会同意将电子竞技视为""运动""",新华社,2017,10,31
152,152,国际奥委会发话 电子竞技终于成为“运动”,环球网,2017,10,30
153,153,电子竞技是体育运动吗？国际奥委会表态：是！,新浪体育,2017,10,29
154,154,上课打游戏 浙江高校设置电子竞技课(图),新浪综合,2017,10,13
155,155,伽马数据：明年电子竞技用户或近3亿,中国新闻网,2017,10,10
156,156,中国电子竞技进入最好的时代 网游用户达4.2亿,证券时报,2017,10,10
157,157,中国数码文化(08175-HK)收购电子竞技教育业务,财华社,2017,10,7
158,158,中国数码文化(08175)拟收购夏鹰全部股权以发展专业电子竞技玩家战队,智通财经网,2017,10,6
159,159,第19届齐鲁动漫展正在进行！震撼的舞台剧！激情的电子竞技！火爆的摊位！精彩回顾！,山东商报,2017,10,2
163,163,国家杯电子竞技大赛昆山精英赛开赛 为国家队储备人才,中国新闻网,2017,9,29
164,164,宅舞秀、电子竞技、千元大奖 国庆期间小时代乐园嗨翻天！,重庆晨报,2017,9,29
165,165,出海记｜英媒：阿里体育技术支持AIMAG2017电子竞技比赛,参考消息,2017,9,29
166,166,亚洲室内武道运动会落幕 中国成电子竞技项目最大赢家,新浪体育,2017,9,28
167,167,电竞馆现热潮：依附于电子竞技产业 该如何赚钱？,界面,2017,9,27
168,168,图集：中国电子竞技博览会举行女子组合助阵劲歌热舞,SIPA图片社,2017,9,24
169,169,国家杯电子竞技精英赛将在江苏昆山拉开战幕,中国新闻网,2017,9,19
170,170,购物中心跨界电子竞技 K11与英雄互娱签署合作,21世纪经济报道,2017,9,11
171,171,西媒：电子竞技比赛未来或有官方队伍参加 市场前景广阔,参考消息,2017,9,5
172,172,电子竞技有望加入奥运会？巴赫：暴力游戏没有容身之地,参考消息,2017,9,1
173,173,2017年东莞电子竞技大赛落幕,东莞时间网,2017,8,30
174,174,2017年全国电子竞技公开赛正式启动,中国新闻网,2017,8,29
175,175,体育观察：电子竞技能否进入全运会？,新华网,2017,8,27
176,176,F1宣布推出电子竞技世界冠军赛：9月拉开帷幕,cnbeta,2017,8,22
177,177,东北文博会24日举行　能看到电子竞技大赛,辽一网-华商晨报,2017,8,17
178,178,今年新增电子竞技比赛项目,齐鲁晚报,2017,8,15
179,179,“百货商业杯”2017天津电子竞技锦标赛揭幕,中国新闻网,2017,8,12
183,183,2017天津电子竞技锦标赛揭幕,中国新闻网,2017,8,12
184,184,电子竞技概念股午后活跃 天神娱乐领涨,中国网财经,2017,8,11
185,185,巴黎申办小组：电子竞技有望加入2024年奥运会项目,TechWeb,2017,8,10
186,186,电子竞技有望成2024年奥运会比赛项目,界面,2017,8,9
187,187,电子竞技行业火热 或成2024年奥运会比赛项目,界面,2017,8,9
188,188,电子竞技有可能成为2024年奥运会项目,PingWest,2017,8,9
189,189,CJ首日：遍布场馆的娃娃机、直播Girl和电子竞技区,新浪科技,2017,7,28
190,190,天津全运会再促创新 商体结合办电子竞技锦标赛,中国新闻网,2017,7,28
191,191,午盘：冲高回落沪指跌0.14% 电子竞技午前骤涨,新华网,2017,7,25
192,192,大型移动电子竞技全国总决赛落幕,湖南日报,2017,7,25
193,193,电子竞技市场火爆 游戏设备商雷蛇赴港IPO,北京商报,2017,7,4
194,194,王者荣耀火爆引沉迷 电子竞技依旧被污名化吗？,北京商报,2017,7,3
195,195,两市午后震荡延续沪指跌0.21% 电子竞技领跌,中国经济网,2017,6,30
196,196,下个投资风向标，电子竞技？158家公司上市，2017市场销售将破700亿！,央视财经,2017,6,28
197,197,中国部分高校开始设置电子竞技专业 今年开始招生,21世纪经济报道,2017,6,27
198,198,首批高校电子竞技专业将招生岗位“大缺口”急需人才填补,21世纪经济报道,2017,6,27
199,199,电子竞技：站在“风口”上，“钱”途在何方,经济日报,2017,6,26
202,202,电子竞技崛起背后：沉迷者的热情与腐化,新浪综合,2017,6,25
203,203,电子竞技崛起：背后代价是沉迷和腐化？,新浪综合,2017,6,25
204,204,电子竞技真能名利双收？其实难度远远高于考上清华,新浪综合,2017,6,24
205,205,电子竞技真能名利双收？难度要高于考清华,环球网,2017,6,23
206,206,打游戏能名利双收？带你看电子竞技背后的辛酸,新华网,2017,6,22
207,207,项目改革都是瞎折腾 能拯救奥运会的只有电子竞技,澎湃,2017,6,21
208,208,电竞生态新纪元！中国首个CBA电子竞技俱乐部成立 ,新浪体育,2017,6,20
209,209,两市小幅回落沪指涨0.41% 电子竞技板块领涨,中国经济网,2017,6,19
210,210,快讯：两市小幅跳水沪指涨0.41% 电子竞技板块领涨,新浪财经,2017,6,19
211,211,电子竞技火爆背后，可美了电竞设备商们,中关村在线,2017,6,17
212,212,体育总局拟于12月举办2017全国电子竞技公开赛,中国证券网,2017,6,16
213,213,图集：走近巴西利亚校园电子竞技大赛,SIPA图片社,2017,6,16
214,214,行业风口已停，无人机赛还能成为下一个电子竞技吗？,创事记,2017,6,16
215,215,京东收购LPL战队 进军电子竞技职业联赛,界面,2017,6,15
217,217,传统电子游戏正在放缓 VR和电子竞技将快速增长,太平洋电脑网,2017,6,10
218,218,亚奥理事会：韩国电子竞技协会无权干涉亚室会事务,新浪综合,2017,6,8
219,219,广西电子竞技运动协会在我市成立,南宁市政府网站,2017,6,4
228,228,WESG世界电子竞技运动带动地方电竞产业发展,TechWeb,2017,6,2
229,229,首个《电子竞技场馆建设标准》发布,北京商报,2017,6,2
230,230,2017互联网趋势报告：电子竞技爆炸式增长,新浪科技,2017,6,1
231,231,电子竞技带来半导体行业新机遇,新浪港股,2017,5,19
232,232,首届电子竞技公开赛启动 三大项目奖金超30万,重庆商报,2017,5,17
233,233,重庆启动首届电子竞技公开赛 30万奖金助力选手电竞梦,中国新闻网,2017,5,16
234,234,电子竞技迎来全民风口,新华网,2017,5,12
235,235,上海高校试点“电子竞技”专业,中国新闻网,2017,5,9
236,236,电子竞技学历教育兴起后，电竞产业的处境依然尴尬,DoNews,2017,5,5
237,237,世界大学生电子竞技联赛火热开赛，追逐你的电竞梦,中国新闻网,2017,5,2
238,238,阿里体育和亚洲奥林匹克理事会达成合作，电子竞技将成为2022杭州亚运会正式比赛项目,港股那点事,2017,4,25
239,239,电子竞技选手都用什么显示器？,IT168.com,2017,4,24
247,247,电子竞技登上“大雅之堂” 中国电竞渐入快速发展期,中国新闻网,2017,4,22
248,248,苏州太仓打造电子竞技小镇 将引进10家知名俱乐部,中国新闻网,2017,4,20
249,249,视频：电子竞技将成为亚运会正式项目,秒拍,2017,4,18
250,250,玩游戏=没前途？亚运会正式设立电子竞技比赛项目,新浪娱乐,2017,4,18
251,251,电子竞技进入2022年杭州亚运会 成正式比赛项目,大洋网-广州日报,2017,4,18
252,252,“电子竞技”将成为杭州亚运会正式比赛项目,扬子晚报,2017,4,18
253,253,关注电子竞技等三大板块,重庆商报,2017,4,18
254,254,电子竞技成亚运新项目,大洋网-广州日报,2017,4,18
255,255,电子竞技将成为杭州亚运会正式比赛项目,中国青年报,2017,4,17
256,256,2017全国移动电子竞技大赛即将开赛,东方网,2017,4,14
257,257,重庆忠县融资14亿元建电子竞技场馆,新浪综合,2017,4,13
258,258,我市将投建专业电子竞技场馆,重庆日报,2017,4,13
259,259,CMEG2017全国移动电子竞技大赛本月开赛 五大项目邀全民参与,华龙网,2017,4,12
263,263,信息化和软件服务业司参加2017中国电子竞技创新年会,工信部网站,2017,4,12
264,264,IGG：王牌游戏王国纪元加入电子竞技元素,财华社,2017,4,5
265,265,上海：亚洲电子竞技赛 12支顶级战队角逐,央视,2017,4,3
266,266,快讯：电子竞技概念股午后发力 壹桥股份领涨,中国网,2017,3,28
267,267,电子竞技概念股午后发力 壹桥股份领涨,中国网,2017,3,28
268,268,沪指跳空跌0.47% 电子竞技概念股领跌,中国经济网,2017,3,22
269,269,开盘：沪指跳空跌0.47% 电子竞技概念股领跌,中国网,2017,3,22
270,270,电子竞技湖南省决赛在长沙举行,华声在线,2017,3,20
271,271,电子竞技湖南省决赛举行,红网,2017,3,20
272,272,2017“CHINA CUP冠军杯”开战 4国选手共享“电子竞技派对”,中国新闻网,2017,3,17
273,273,图集：电子竞技“CHINA CUP”冠军杯打响第一战,其他,2017,3,17
274,274,2017北京电子竞技公开赛3月启动报名 支持“电竞”青年创业,中国新闻网,2017,2,27
275,275,厉害了！皮克宣布进军电子竞技:我要搞个大项目,体坛+,2017,2,24
276,276,新闻链接·电子竞技：“玩”出来的大产业,央视,2017,2,21
277,277,应书岭：时代造就了电子竞技“出海”的必然性,经济观察网,2017,2,10
278,278,电子竞技也有本科：中传本部试水 今年招生20人,体坛+,2017,1,24
279,279,美国多所大学举行《英雄联盟》电子竞技比赛,新浪科技,2017,1,23
286,286,创客晚报|李彦宏妻子马东敏回归百度；传媒大学列电子竞技专业,新京报,2017,1,21
287,287,电子竞技列入本科专业 高校：并非培养职业玩家,新浪收藏,2017,1,21
288,288,电子竞技成为大学专业未尝不可,红网,2017,1,21
289,289,电子竞技列入本科专业 打游戏也能科班出身？,央视,2017,1,20
290,290,新奇 | 电子竞技列入本科专业 打游戏也能科班出身？,央视新闻公众号,2017,1,20
291,291,电子竞技列入本科专业 高校:并非培养职业玩家,中国新闻网,2017,1,20
292,292,南广艺考进行中 新设电子竞技专业夺眼球,中国江苏网,2017,1,15
293,293,电子竞技全球总决赛常州开赛,新华日报,2017,1,13
294,294,WECG全球电子竞技大赛:想要开启“全民电竞”时代,界面,2017,1,5
295,295,全国电子竞技公开赛总决赛深圳开赛 采用全运会模式,中国新闻网,2016,12,30
296,296,山东省电子竞技运动协会成立_fina,齐鲁晚报,2016,12,28
297,297,“体育+文化”双轮驱动电子竞技发展,体育总局网站,2016,12,22
298,298,WCA世界电子竞技大赛引关注 中国电竞强势崛起,中国新闻网,2016,12,20
299,299,电子竞技产业20年：从“洪水猛兽”到“世界语言”,新浪综合,2016,12,17
303,303,图集：电子竞技Dota2世界冠军Wings战队,新浪,2016,12,15
304,304,四川省电子竞技运动协会成立 促进电竞运动发展,新浪体育,2016,12,15
305,305,台高校新设奇葩专业：电子竞技、茶业等位列其中,环球时报,2016,12,12
306,306,NBA球队瞄准电子竞技,大洋网-广州日报,2016,12,4
307,307,K+电竞广场开业 湖南电子竞技行业再添生力军,红网,2016,12,2
308,308,省电子竞技发展 调研座谈会召开,扬子晚报,2016,11,25
309,309,NESO全国电子竞技公开赛湖南强势出征,红网,2016,11,23
310,310,教给谁？谁来教？怎么教？—三问电子竞技人才培养,中国政府网,2016,11,22
311,311,教谁？谁教？咋教？——三问电子竞技人才培养,新华网,2016,11,22
312,312,首届中韩电子竞技对抗赛圣诞节在无锡进行 ,新华网,2016,11,21
313,313,2016上海首届高校电子竞技比赛总决赛圆满落幕,新浪体育,2016,11,21
314,314,电子竞技 “玩”出来的大产业,北京晨报,2016,11,18
315,315,VR大腕接轨NEST：老板们也爱电子竞技,中国经济网,2016,11,17
316,316,电子竞技专业试卷走红网络 英雄联盟成绩近四成不及格,TechWeb,2016,11,8
317,317,“网吧+”打造多元业态 电子竞技或成风口,南方日报,2016,10,28
318,318,体育竞技电子竞技交融发展,中国体育报,2016,10,21
319,319,在美国 电子竞技正在逐步蚕食传统体育项目的观众,界面,2016,10,20
323,323,科老板退役后副业颇多 未来或将踏足电子竞技,新浪体育,2016,10,19
324,324,首届中国电子竞技颁奖盛典在北京举行,中国新闻网,2016,10,19
325,325,国内首个“电子竞技运动与管理”专业落户,中国青年报,2016,10,17
326,326,世界电子竞技运动会中国总决赛结束 Tyloo拿到赛季第15冠,新京报,2016,10,5
327,327,湖南申报“电子竞技运动与管理”专业获批,中国体育报,2016,9,29
328,328,专业申报获批 电子竞技将名正言顺走进高校,红网,2016,9,28
329,329,国内首个“电子竞技运动与管理”专业落户湖南体育职院,中国青年报,2016,9,28
330,330,费城76人队宣布收购电子竞技团队 ,新浪综合,2016,9,27
331,331,电子竞技成新专业 广东高职欲“尝鲜”,羊城晚报,2016,9,13
332,332,电子竞技专业进高校：会否引报考热潮？,新华网,2016,9,12
333,333,电子竞技专业进高职院校：会否引来报考热潮？,新华社,2016,9,11
334,334,电子竞技成新增专业 普通职业选手月入两三万,扬子晚报,2016,9,8
335,335,教育部新增补专业13个 电子竞技在列,现代快报,2016,9,7
336,336,电子竞技列为高校新专业 斗地主成体育项目,界面,2016,9,7
337,337,教育部增设电子竞技专业 玩游戏也能拿学历,新浪教育,2016,9,7
338,338,电子竞技成为高职专业 妈妈再也不担心我玩游戏不务正业了,TechWeb,2016,9,6
339,339,网龙明年推电子竞技平台,财华社,2016,9,6
343,343,电子竞技成专业：从“不务正业”到“上得厅堂”,中国新闻网,2016,8,26
344,344,人人都在看里约奥运会 电子竞技何时能进入奥运会？,界面,2016,8,8
345,345,电子竞技入奥运会？接纳度是最大问题,一财网,2016,8,2
346,346,中国电子竞技嘉年华全球赛事启动,中国体育报,2016,8,2
347,347,电子竞技由繁入简 休闲竞技游戏成新趋势,证券时报,2016,8,1
348,348,国际电子竞技联盟牵约中国合作伙伴 申请入奥等待回复,新浪体育,2016,7,27
349,349,全国电子竞技城市争霸赛湖南开赛,红网,2016,7,24
350,350,电子竞技也要有经纪人？,大洋网-广州日报,2016,7,24
351,351,电竞火爆的背后 泛娱乐+电子竞技如何布局高校市场？,一财网,2016,7,19
352,352,成都电子竞技走向产业化,四川在线-四川日报,2016,7,15
353,353,在电子竞技圈 没有一个大主播是真正依靠直播崛起的,南方人物周刊,2016,7,13
354,354,百视通总冠名G联赛 全平台直播电子竞技,南都周刊,2016,7,7
355,355,清华同方机械革命助力北京电子竞技公开赛,新浪手机,2016,7,4
356,356,天津泰达成立中超首家电子竞技足球俱乐部,中国证券网,2016,7,1
357,357,香港动漫电玩节将迎“成人礼” 开大型电子竞技派对,中国新闻网,2016,6,28
358,358,最近一周机构力推的50只股票 北辰实业意欲切入电子竞技产业,投资者报,2016,6,20
359,359,北辰实业:布局电子竞技行业 会展龙头持续兑现,中证网,2016,6,16
363,363,北辰实业：布局电子竞技行业，会展龙头持续兑现,证券时报网,2016,6,16
364,364,北京北辰伙同方传媒拟承办大型电子竞技赛事,大智慧阿思达克通讯社,2016,6,14
365,365,北辰实业下属公司牵手同方传媒 电子竞技领域展开合作,证券时报网,2016,6,14
366,366,江苏省电子竞技大赛在常州落下帷幕,扬子晚报,2016,6,8
367,367,雷柏科技：键鼠传统主业仍是业绩支撑，电子竞技是重要增长点,证券时报网,2016,6,7
368,368,电子竞技全国季军搭被专车司机挑断手筋 司机已被拘留,法制晚报,2016,6,5
369,369,电子竞技全国季军搭滴滴专车遭砍 被司机挑断手筋,财经网,2016,6,5
370,370,电子竞技选手遭滴滴司机挑断手筋,综合,2016,6,5
371,371,电子竞技全国季军搭滴滴专车被司机挑断手筋,新浪科技,2016,6,5
372,372,电子竞技选手与专车司机发生争执 遭其挑断手筋,综合,2016,6,5
373,373,首届中国电子竞技嘉年华11月举行,中国体育报,2016,5,17
374,374,2016中国电子竞技嘉年华倒计时 概念股望爆发(附股),证券时报网,2016,5,16
375,375,2016中国电子竞技嘉年华倒计时 概念股,证券时报网,2016,5,16
376,376,国家体育总局将首次牵头举办电子竞技嘉年华,21世纪经济报道,2016,5,15
377,377,电子竞技成教育文化信息消费创新行动亮点,中国证券网,2016,4,26
378,378,文化部将启动文化娱乐业转型升级 电子竞技望成重要内容,中国证券网,2016,4,25
379,379,电子竞技蓬勃向上 首选曲面液晶显示器,中关村在线,2016,4,25
388,388,完美世界CEO萧泓：电子竞技是2016最大浪潮,21世纪经济报道,2016,4,1
389,389,美媒：中国电子竞技在矛盾中发展 民众对其存有偏见,环球时报,2016,3,31
390,390,电子竞技大赛也开始严防兴奋剂,中国青年报,2016,3,30
391,391,加快建设电子竞技生态,经济日报,2016,3,29
392,392,首届全国移动电子竞技大赛将开 概念股望爆发(附股),证券时报网,2016,3,22
393,393,A股低开震荡失守3000点，电子竞技概念股掀涨停潮,21世纪经济报道,2016,3,22
394,394,全国首届移动电子竞技大赛将开 概念股,中国证券网,2016,3,22
395,395,省电子竞技赛事启动,浙江日报,2016,3,20
396,396,全国移动电子竞技大赛将从４月开始进行,新华网,2016,3,19
397,397,佛山首届英雄联盟电子竞技精英大赛开打！,羊城晚报,2016,3,16
398,398,我国电子竞技行业将正式走上快车道,中国产经新闻报,2016,3,15
399,399,国际电子竞技联盟携手WCA 欲打造电竞奥运,齐鲁晚报,2016,3,15
401,401,深赛格牵手网咖布点“电子竞技”实体店,证券时报,2016,3,15
402,402,深赛格与上海网鱼信息签署战略合作协议 协同布点“电子竞技”实体店,中国资本证券网,2016,3,14
403,403,深赛格牵手国内最大“网咖”进军电子竞技,证券时报网,2016,3,14
404,404,金亚科技布局游戏产业生态链 建立电子竞技学院,中国新闻网,2016,3,13
405,405,国旅联合股份有限公司关于签订中国电子竞技嘉年华合作协议书的公告,上海证券报,2016,3,11
406,406,电子竞技：粉丝生意之后的IP大战,创事记,2016,3,8
407,407,CCTV再度聚焦电子竞技 产业成熟资本圈地,齐鲁晚报,2016,2,26
408,408,电子竞技观众比肩NBA 中国电竞超韩国成最大市场,四川在线-华西都市报,2016,2,24
409,409,国外的最新电子竞技生态地图一月版,36氪,2016,2,4
410,410,浙报传媒:布局大数据、社区养老和电子竞技 未来空间大,中证网,2016,2,3
411,411,图集：海南第五届“问道杯”电子竞技大赛总决赛拉开战幕,新浪旅游,2016,1,18
412,412,电子竞技 身手不凡,中国体育报,2016,1,15
413,413,第二届电子竞技高校总决赛开幕 千余所高校参赛,新浪体育,2016,1,10
414,414,第二届电子竞技高校总决赛开幕 冠军队将赴日本交流,东方网,2016,1,10
415,415,全国首档电子竞技题材影视剧项目沪上启动,东方网,2016,1,9
416,416,电竞主管部门：将办移动电子竞技大赛 或含棋牌,新浪体育,2016,1,1
417,417,苏宁战略布局电子竞技 全产业链式投入,经济观察网,2015,12,29
418,418,莱茵体育:切入电子竞技 体育生态圈建设再迈步,中证网,2015,12,28
419,419,移动电子竞技大赛将开 抢滩港股四板块,智通财经网,2015,12,26
440,440,山西电子竞技运动会总决赛在两博会精彩上演,新浪彩票,2015,10,15
441,441,魅力新山西 精彩两博会：我省电子竞技委员会成立,山西日报,2015,10,14
442,442,万好万家:布局电子竞技 加码二次元 业绩拐点将现,中证网,2015,10,9
443,443,玉米科技成为CIG中国电子竞技大会战略合作伙伴,新浪游戏,2015,9,29
444,444,国内首例电子竞技游戏网络直播不正当竞争纠纷案一审宣判,法制网-法制日报,2015,9,24
445,445,中国大陆首例电子竞技比赛直播不正当竞争纠纷判决,中国新闻网,2015,9,24
446,446,2015全国电子竞技公开赛深圳选拔赛即将开赛,新浪游戏,2015,9,23
447,447,被王思聪点燃的电子竞技，还有三个未解难题,创事记,2015,9,21
448,448,光明日报：别用有色眼镜看电子竞技产业,新浪游戏,2015,9,18
449,449,电子竞技行业应该如何包装？选手需要更加明星化,新浪游戏,2015,9,14
450,450,电子竞技，你的魅力不可抵挡,经济日报,2015,9,13
451,451,视频：我要做电子竞技达人,,2015,9,10
452,452,“铁幕杯”国际电子竞技比赛落下帷幕,国际在线,2015,9,10
453,453,深度：电子竞技坚持四年 王思聪绝不是玩票,新浪游戏,2015,9,7
454,454,电子竞技坚持四年 他绝不是玩票,深圳晚报,2015,9,7
455,455,商业模式逐渐成熟 全球电子竞技规模已达16亿元,新浪游戏,2015,9,1
456,456,NEST全国电子竞技大赛获冠名 移动互联网助力网游,新浪体育,2015,8,29
457,457,风暴英雄入选全国电子竞技大赛 8月开战,,2015,8,19
458,458,【电子竞技开课】学校开设CS和DOTA2课程,国际在线,2015,8,14
459,459,国家体育总局：积极推进中国电子竞技发展,中国新闻网,2015,8,9
461,461,从ＷＣＡ火爆ＣＪ看中国电子竞技崛起之路,北京晨报,2015,8,7
462,462,图集：云南首家电子竞技生活中心开业 致力打造专业电游平台,新浪旅游,2015,8,1
463,463,专题：WCA2015世界电子游戏竞技大赛,,2015,7,14
464,464,深圳电子竞技崛起 Reic战队一鸣惊人,深圳晚报,2015,7,14
465,465,百万大奖 NEST2015全国电子竞技大赛启动,新浪体育,2015,7,6
466,466,DK电子竞技俱乐部风暴英雄韩国分部成立,,2015,7,6
467,467,我省助推网吧升级启动电子竞技大赛,荆楚网-楚天都市报,2015,7,4
468,468,XEG2015电子竞技大赛决赛7月4日重庆打响,,2015,6,30
469,469,体育总局力撑电子竞技产业发展,大洋网-广州日报,2015,6,12
470,470,2015中国电子竞技大会参赛人数超50万,新浪科技,2015,6,11
471,471,国家体育总局：体育信息改革催生电子竞技,,2015,6,9
472,472,新民晚报：电子竞技成为体育界的新宠儿,,2015,6,5
473,473,电子竞技的眼泪：落幕于剑盾 来年再见ZSMJ,,2015,5,28
474,474,天梯，金元浪潮下的中国电子竞技现状！,,2015,5,22
475,475,电子竞技 将成为中国最具竞争力的体育项目之一,新浪体育,2015,5,21
476,476,雏鹰农牧:养猪企业欲借电子竞技发展粉丝经济,新京报,2015,5,18
477,477,淘宝和优土都看上了一个电子竞技比赛：WCA,界面,2015,5,14
478,478,王思聪所在的电子竞技圈冠军资金池达亿元,南方都市报,2015,5,13
479,479,创联赛高校电子竞技赛事华东赛区FIFA冠军产生,新浪体育,2015,5,12
482,482,全球电子竞技市场规模超6亿美元 中韩主导,,2015,5,10
483,483,全球电子竞技市场规模超6亿美元,中国证券报-中证网,2015,5,8
484,484,电子竞技市场规模超6亿美元 全球观众1.34亿,新浪科技,2015,5,7
485,485,《荆棘之路》将映 电子竞技向影视迈步,新浪娱乐,2015,5,5
486,486,IET义乌国际电子竞技大赛落幕 观看人数再创新高,新浪体育,2015,4,30
487,487,风暴宿舍英雄决赛：电子竞技里程碑式的成功,,2015,4,30
488,488,IET电子竞技大赛落下帷幕 周冬冬夺得冠军,,2015,4,30
489,489,2015义乌国际电子竞技大赛总决赛4月27日激情开战,新浪体育,2015,4,28
490,490,深挖电子竞技商业价值增量 潜在百亿市场再思考,证券时报网,2015,4,27
491,491,中国手游杜鑫歆：未来会着力发展移动电子竞技业务,新浪游戏,2015,4,24
492,492,电子竞技：寒冬已过 期待春天,中国产经新闻,2015,4,22
493,493,中信建投:中小公司研究-潜力无限的朝阳行业--电子竞技,全景网络,2015,4,15
494,494,WCA2015世界电子竞技大赛 DOTA2项目直播报道专题,,2015,4,14
495,495,麻将德扑成电子竞技？ Angelababy为赛事代言,新浪体育,2015,4,11
496,496,电子竞技走出公寓 EDG新基地落成剪彩,,2015,4,8
497,497,电子竞技回归主流：哪些概念股不可错过,大智慧阿思达克通讯社,2015,4,7
498,498,电子竞技蓬勃发展 已成数十亿美元的产业,,2015,4,3
499,499,电子竞技是如何改变“使命召唤”系列的？,新浪游戏,2015,4,1
502,502,世界电子竞技大赛将历时278天 优胜者瓜分1亿奖金,新华网,2015,3,29
503,503,风暴英雄入选世界电子竞技大赛WCA 四月份开赛,,2015,3,25
504,504,WCA世界电子竞技大赛启动 全球5大赛区角逐1亿奖金,新华网,2015,3,24
505,505,电子竞技 多巴胺背后的产业盛宴,上海证券报,2015,3,19
506,506,电子竞技或成为振兴博彩行业的新支点,,2015,3,18
507,507,线上到线下的转变 正在飞速崛起的电子竞技,新浪游戏,2015,3,17
508,508,电子竞技史上最严防作弊 键盘鼠标全部都上交,新浪游戏,2015,3,16
509,509,天猫电器城冠名赞助IET2015义乌国际电子竞技大赛,,2015,3,11
510,510,IET2015义乌电子竞技大赛 3月11日直播预告,,2015,3,11
511,511,专题：IET义乌国际电子竞技大赛,,2015,3,11
512,512,创新与互动的结合 IET打造最高度电子竞技赛事,,2015,3,10
513,513,IET2015义乌国际电子竞技大赛预选赛正式开启,,2015,3,9
514,514,得益于LOL等电子竞技 2019游戏收入或达350亿美元,新浪游戏,2015,3,5
515,515,电子竞技是严肃体育项目 它一点都不好玩!,,2015,3,5
516,516,是否需要第二个WCG？电子竞技进入2.0时代,,2015,3,4
517,517,2015WCA世界电子竞技大赛再次携手DOTA2,,2015,3,3
518,518,人民日报：对待电子竞技需厘清两大逻辑,,2015,2,26
519,519,《人民日报》：对待电子竞技需理清两大逻辑,新浪游戏,2015,2,26
521,521,陈炜荣获2014年度电子竞技最佳体育模拟选手,新浪体育,2015,2,12
522,522,斗鱼TV冠名AG电子竞技俱乐部 带你枪战带你飞,,2015,2,10
523,523,IET2015义乌国际电子竞技大赛报名开启,,2015,2,9
524,524,金亚科技8000万入主世界电子竞技大赛,每日经济新闻,2015,2,5
525,525,金亚科技涉足电子竞技大赛,中国证券报-中证网,2015,2,5
526,526,金亚科技成WCA控制人 看好游戏市场押注电子竞技,21世纪经济报道,2015,2,5
527,527,金亚科技直控鸣鹤鸣和 增资切入电子竞技,中国证券网,2015,2,4
528,528,韩国将电子竞技定为二级奥林匹克比赛项目,,2015,1,30
529,529,赛睿与AG电子竞技俱乐部合作 将推定制鼠标垫,新浪游戏,2015,1,29
530,530,马来西亚政府正式承认电子竞技为体育项目,新浪游戏,2015,1,24
531,531,央视名嘴段暄微博 电子竞技世界复播有望,,2015,1,22
532,532,[文章] DOTA2爆火:中国真正认识电子竞技,,2015,1,21
533,533,第二届义乌国际电子竞技大赛启动 打造电竞盛宴,新浪体育,2015,1,20
534,534,newbee创联赛启动 致力高校电子竞技发展,,2015,1,20
535,535,2015 CFPL S6赛季战队巡礼 白鲨电子竞技,,2015,1,19
536,536,2015 CFPL S6赛季战队巡礼 虎牙电子竞技俱乐部,,2015,1,19
537,537,2015 CFPL S6赛季战队巡礼 EP电子竞技俱乐部,,2015,1,19
538,538,穿越火线 CFPLS6战队巡礼EP电子竞技俱乐部,,2015,1,5
539,539,盘点2015年电子竞技游戏的五大看点,,2015,1,4
542,542,前魔兽设计师：电子竞技应该纳入奥林匹克项目,,2014,12,26
543,543,暴雪前总裁浅谈：支持电子竞技入奥运会,,2014,12,26
544,544,电子竞技能否进入奥运会?前暴雪高管发表新观点,新浪游戏,2014,12,25
545,545,2014浙江省首届电子竞技大赛总决赛落幕冠军出炉,新浪体育,2014,12,24
546,546,长沙市网吧电子竞技赛开战 藩城网络生活馆战队夺冠,红网,2014,12,23
547,547,总奖金1亿！WCA世界电子竞技大赛加入主机游戏,新浪游戏,2014,12,22
548,548,视频：电子竞技逐渐被世人认可？千万奖金的影响,,2014,12,21
549,549,EDG电子竞技俱乐部宣布成立风暴英雄分部,,2014,12,16
550,550,纽约时报：LOL深受电子竞技学生团体喜爱,新浪游戏,2014,12,15
551,551,年度电子竞技奖金排行 DOTA2超越LOL一倍,,2014,12,14
552,552,电子竞技风靡美国校园 专业玩家数已超篮球,新浪游戏,2014,12,11
553,553,电子竞技风靡美校园：专业玩家为打比赛推迟入学,中国新闻网,2014,12,10
554,554,WGT电子竞技大师赛2014正式揭开帷幕,新浪游戏,2014,12,10
555,555,中新网：电子竞技是中韩之间最热血的纽带,,2014,12,9
556,556,打LOL有奖学金 福大将电子竞技纳入校运会,,2014,12,9
557,557,异极电竞全力助阵 2014IEF电子竞技大赛,新浪游戏,2014,12,9
558,558,全国电子竞技公开赛年度收官战在青岛落幕,新华网,2014,12,7
559,559,NESO全国电子竞技公开赛决赛日各省市积分榜,新浪游戏,2014,12,7
563,563,NESO全国电子竞技公开赛NBA 2KOL项目报道,新浪游戏,2014,12,7
564,564,群雄逐鹿NESO全国电子竞技公开赛火热开战,,2014,12,5
565,565,IEF2014国际电子竞技嘉年华神牛套装名单,,2014,12,5
566,566,关注IEF国际青年电子竞技决赛送神牛套装,,2014,12,3
567,567,历史的必然？任天堂将目光投向电子竞技产业,新浪游戏,2014,12,3
568,568,2014NESO全国电子竞技公开赛观战指南,新浪游戏,2014,12,3
569,569,暴雪《守望先锋》进军电子竞技 有几人买账？,新浪游戏,2014,12,1
570,570,视频：2014NESO全国电子竞技公开赛宣传片发布,新浪游戏,2014,11,27
571,571,打LOL还有奖学金 福大将电子竞技纳入校运会,新浪游戏,2014,11,27
572,572,专题：2014NESO全国电子竞技公开赛,,2014,11,25
573,573,2014年全国电子竞技公开赛竞赛规程 奖金80万,新浪游戏,2014,11,24
574,574,NESO全国电子竞技公开赛各项目分组出炉,新浪游戏,2014,11,20
575,575,NESO全国电子竞技公开赛全部代表队名单出炉,新浪游戏,2014,11,20
576,576,NESO电子竞技公开赛十五只代表队名单出炉,,2014,11,19
577,577,视频：NCsoft进军电子竞技 《NC全明星》视频首曝,新浪游戏,2014,11,19
578,578,OMG成立首个电子竞技公益基金 公益周边12月开卖,新浪游戏,2014,11,19
579,579,NC soft发力电子竞技 《MXM》将同步推出多端产品,新浪游戏,2014,11,19
581,581,国内首个电子竞技公益基金成立 将帮扶贫困学校,新浪体育,2014,11,18
582,582,重庆高校设电子竞技课 玩物丧志还是与时俱进,新浪游戏,2014,11,13
583,583,IEL电子竞技赛事介绍 亚洲地区再出新兴赛事,新浪游戏,2014,11,13
584,584,NESO电子竞技公开赛选拔赛落幕iG HGT出线,,2014,11,13
585,585,Garena斥资打造电子竞技馆 黄立成助阵首场比赛,新浪游戏,2014,11,6
586,586,图集：台湾 Garena 斥资千万打造电子竞技馆,新浪,2014,11,6
587,587,电子竞技走入课堂 重庆某高校开设DOTA选修课,新浪游戏,2014,11,6
588,588,外媒：中国年轻电子竞技选手收入可观,参考消息,2014,11,6
589,589,NEST全国电子竞技大赛开展 总奖金高达百万人民币,新华网,2014,10,30
590,590,NEST2014全国电子竞技大赛总决赛在昆山隆重开幕,新浪体育,2014,10,30
591,591,全国电子竞技公开赛四川代表团选拔赛即将开赛,新浪游戏,2014,10,29
592,592,《人物》杂志:深入解读当代中国电子竞技业,,2014,10,23
593,593,点金游戏：深入解读中国电子竞技业 ,,2014,10,22
594,594,全国电子竞技公开赛河北代表团选拔赛即将开赛,新浪游戏,2014,10,13
595,595,[文章]揭秘电子竞技：超过20岁就算高龄,,2014,10,13
596,596,WCA电子竞技大赛决赛Newbee vs C9 点播,,2014,10,8
597,597,中国魔兽第一人：电子竞技成为正常职业还需几百年,新华网,2014,10,6
598,598,WCA电子竞技大赛落幕 中国获魔兽3等重量级项目冠军,新华网,2014,10,5
599,599,电子竞技的意义在哪里 偏见不再也不应把它神话,新华网,2014,10,4
603,603,WCA世界电子竞技大赛 10月2日上午9点正式开幕,新浪游戏,2014,10,3
604,604,全国电子竞技公开赛上海代表团选拔赛即将开赛,新浪游戏,2014,9,26
605,605,火线WCA2014世界电子游戏竞技大赛详细赛程,,2014,9,24
606,606,回顾电子竞技十年 我们离体育还有多远？,,2014,9,23
607,607,空中网《坦克世界》电子竞技选美大赛,新浪游戏,2014,9,22
608,608,韩星成为开幕式主角 亚运开幕人气不敌电子竞技,重庆晨报,2014,9,20
609,609,WCA2014电子竞技大赛 DOTA2项目对阵出炉,,2014,9,19
610,610,应运而生《坦克世界》电子竞技那些事,新浪游戏,2014,9,17
611,611,第一财经:电子竞技沸腾时代 富二代游戏?,,2014,9,16
612,612,偏见：批判电子竞技最常用的5大“金句”,新浪游戏,2014,9,15
613,613,电子竞技成王思聪等富二代游戏 90后玩家退役,第一财经日报,2014,9,15
614,614,Azubu 宣布与韩国14支顶级电子竞技队伍达成历史性合作关系,美通社,2014,9,11
615,615,茅侃侃：从“局外人”看中国电子竞技产业的发展,新浪游戏,2014,9,11
616,616,ESPN总裁：电子竞技不是体育 仅仅是个比赛,,2014,9,11
617,617,浮夸的背后 电子竞技火爆但难成体育运动,新浪游戏,2014,9,11
618,618,专题：WCA2014世界电子游戏竞技大赛,,2014,9,10
619,619,WCA2014世界电子游戏竞技大赛 比赛赛程表,新浪游戏,2014,9,10
622,622,ESPN总裁：电子竞技是竞技活动 但非体育运动,新浪游戏,2014,9,10
623,623,ESPN总裁不屑电子竞技 如同国际象棋跳棋绝非体育,新浪游戏,2014,9,9
624,624,WCA2014张羽(单车）：愿做忠于电子竞技的门徒,新浪游戏,2014,9,3
625,625,电子竞技与网络游戏 虚拟世界里的真实对话,新浪游戏,2014,9,2
626,626,电竞节目《电竞天下》开播 电子竞技登上五星体育,新浪体育,2014,9,1
627,627,全球电子竞技收益达200亿美元 超音乐界,国际在线,2014,9,1
628,628,郑州日产杯暨汽车媒体电子竞技大赛落幕,新浪汽车综合,2014,8,28
629,629,图集：柳岩出任世界电子游戏竞技大赛形象代言,新浪娱乐,2014,8,22
630,630,QQ飞车《谁是车王》 不一样的电子竞技,,2014,8,14
631,631,电子竞技产业链：游戏解说淘宝开店月入百万,第一财经日报,2014,8,13
632,632,电子竞技高额奖金背后：职业选手每天训练10小时,第一财经日报,2014,8,13
633,633,《英雄联盟》LGD电子竞技俱乐部,,2014,8,11
634,634,《英雄联盟》YG电子竞技俱乐部,,2014,8,11
635,635,《英雄联盟》EDG电子竞技俱乐部,,2014,8,11
636,636,《英雄联盟》IG电子竞技俱乐部,,2014,8,11
637,637,《英雄联盟》SH皇族电子竞技俱乐部,,2014,8,11
638,638,《英雄联盟》WE电子竞技俱乐部,,2014,8,11
639,639,《英雄联盟》OMG电子竞技俱乐部,,2014,8,11
644,644,《英雄联盟》WEA电子竞技俱乐部,,2014,8,11
645,645,海涛做客中央人民广播电台 畅谈电子竞技,,2014,8,8
646,646,图集：柳岩出任电子竞技大赛代言人,新浪娱乐,2014,8,7
647,647,“一夜暴富”背后的危机 电子竞技急需正名,新浪游戏,2014,8,6
648,648,李晓峰：电子竞技应该像美国NBA那样成熟,,2014,8,5
649,649,港媒报道:电子竞技没有传统体育的潜规则,,2014,7,31
650,650,5人500万美元：电子竞技赛事奖金为何这么高,中国青年报,2014,7,24
651,651,电子竞技赛事的奖金为何这么高 虚拟门票贡献大,中国青年报,2014,7,24
652,652,横琴将开设电子游戏竞技场,金羊网-新快报,2014,7,22
653,653,TI4--这是我们的电子竞技，我们的世界杯,,2014,7,1
654,654,[资讯]WEC2014电子竞技冠军赛奖金公布,,2014,6,25
655,655,战旗TV成为Newbee电子竞技俱乐部赞助商,,2014,6,25
656,656,盘点身残志坚的电子竞技选手与玩家,新浪游戏,2014,6,24
657,657,电子竞技十名头奖得主半数来自亚洲,新浪游戏,2014,6,23
658,658,WEC2014 世界电子竞技冠军赛正式启动,,2014,6,20
659,659,今年电子竞技十名头奖得主半数来自亚洲,新浪游戏,2014,6,13
661,661,WEC世界电子竞技锦标赛：不会泯灭的希望,,2014,6,19
663,663,E3中国手游：移动电子竞技成行业趋势,新浪游戏,2014,6,11
664,664,新的全球游戏频道面世，关注电子竞技,美通社,2014,6,10
665,665,大不列颠网友亲述：英国电子竞技现状一览,新浪游戏,2014,6,9
666,666,LOL最多 2013年电子竞技在线观战时长达24亿小时,新浪游戏,2014,6,4
667,667,WPC2014世界电子竞技职业精英赛圆满落幕,,2014,6,3
668,668,全球电竞玩家财富榜 前15位电子竞技吸金王,新浪游戏,2014,6,1
669,669,从单纯的游戏到产业化发展 电子竞技真疯狂,新浪游戏,2014,5,20
670,670,电子竞技的世界杯！DOTA2告诉你TI是什么,,2014,5,19
671,671,横琴拟建国内首个电子竞技场,羊城晚报,2014,5,8
672,672,义乌国际电子竞技大赛落幕,中国青年报,2014,5,4
673,673,国际电子竞技大赛观众突破百万,中国广播网,2014,4,29
674,674,浙江男篮集体参加电子竞技赛 跨界较量完败给对手,钱江晚报,2014,4,28
675,675,国际电子竞技大赛总决赛今天开幕,中国广播网,2014,4,27
676,676,清华北大比拼电子竞技 北大再次获胜,南方都市报,2014,4,22
677,677,陈一冰助阵清华北大电子竞技赛 “学霸”被重新定义,新浪体育,2014,4,21
678,678,国际电子竞技大赛线下赛结束,中国广播网,2014,4,18
679,679,图集：UP2014：《神之浩劫》全球化电子竞技,新浪,2014,4,16
680,680,全国电子竞技职业联赛51盛典邀您亲临现场,,2014,4,15
681,681,CFPL S5战队巡礼 EP电子竞技俱乐部阵容,,2014,4,11
682,682,CF白鲨 辞去EP电子竞技俱乐部总经理职位,,2014,4,8
683,683,电子竞技十年后 能否赶超足球等传统体育,,2014,3,24
684,684,义乌国际电子竞技大赛千人报名,中国广播网,2014,3,18
685,685,义乌国际电子竞技大赛吸引超过1500人报名参赛,新华网,2014,3,17
686,686,实现梦想 WVW全国电子竞技精英赛报名开启,,2014,3,14
687,687,乌国际电子竞技大赛英雄联盟项目职业参赛名单公布,新浪游戏,2014,3,12
688,688,WPC世界电子竞技职业精英赛海选开始报名,,2014,3,11
689,689,WPC 2014世界电子竞技职业精英赛正式启动,,2014,3,11
690,690,浙报传媒入股起凡 涉足电子竞技行业,新浪科技,2014,3,5
691,691,后WCG时代 谁来扛起电子竞技大赛旗帜？,新浪游戏,2014,3,5
692,692,国际电子竞技将在义乌开战,新京报,2014,3,5
693,693,义乌国际电子竞技大赛正式启动,中国青年报,2014,2,21
694,694,2014年IET义乌国际电子竞技大赛启动,新浪游戏,2014,2,20
695,695,2014义乌国际电子竞技大赛（IET）正式启动,新浪体育,2014,2,19
696,696,国际电子竞技大赛启动,中国广播网,2014,2,19
697,697,2014义乌国际电子竞技大赛（IET）今日正式启动,新浪游戏,2014,2,18
698,698,世界电子竞技大赛历史终结 为钱饮鸩止渴,新浪游戏,2014,2,8
699,699,世界电子竞技大赛历史终结 已陷入恶性循环,新浪科技,2014,2,8
700,700,新华网：中国电子竞技十年 仍然需为自己正名,新浪游戏,2014,1,12
701,701,千家中企牵手 竞技电子舞台,经济日报,2014,1,9
702,702,图集：WPC-ACE世界电子竞技精英赛总决赛：玩家视角,新浪,2014,1,2
703,703,图集：WPC-ACE世界电子竞技精英赛总决赛 DK vs IG,新浪,2014,1,2
704,704,网媒趣评：电子竞技能不能算体育项目,新浪游戏,2013,12,23
705,705,闽举办首届大学生电子竞技总决赛,东南快报,2013,12,23
706,706,山西大学城将建华北首个电子竞技场馆,新浪游戏,2013,12,4
707,707,视频：《晚间新闻》 2013世界电子竞技大赛总决赛在昆山落幕,,2013,12,3
708,708,视频：《新闻夜总汇》 美国一名无四肢男子夺电子游戏竞技冠军,,2013,12,2
709,709,WCG世界电子竞技大赛昆山总决赛 中国战队全线告捷,京华时报,2013,11,30
710,710,NEST全国电子竞技大赛DOTA2 LGD夺冠回顾,,2013,11,19
711,711,人民日报专栏：中国电子竞技何时走出困境,,2013,11,14
712,712,世界电子竞技大赛全球总决赛28日昆山拉开战幕,中国新闻网,2013,11,14
713,713,沪上打响全国电子竞技大赛总决赛,中国青年报,2013,11,14
714,714,昆山将举办“电子竞技奥运会”,新民晚报,2013,11,13
715,715,NEST全国电子竞技大赛总决赛LGD对IG回顾,,2013,11,12
716,716,全国电子竞技大赛总决赛落幕 五大项冠军名花有主,新浪体育,2013,11,11
717,717,郴州市首届网吧电子竞技邀请赛完美收官,红网,2013,11,11
718,718,全国电子竞技大赛总决赛闭幕,中国广播网,2013,11,10
719,719,电子竞技期待成立项目协会 走过十年大环境却未改善,新华网,2013,11,9
722,722,NEST全国电子竞技大赛DOTA2直播报道专题,,2013,11,8
723,723,EGL-DOTA2电子竞技大赛 武汉站亮点纷呈,,2013,11,5
724,724,2013年成都市第三届高校电子竞技巡回赛圆满落幕,新浪体育,2013,11,4
725,725,NEST全国电子竞技大赛总决赛直播流程,新浪游戏,2013,10,25
726,726,NEST电子竞技大赛总决赛 DOTA2抽签确定,,2013,10,22
727,727,新民晚报：抛弃刻板偏见正视电子竞技体育,,2013,10,21
728,728,DOTA2电子竞技大赛 线下赛火爆开战！,新浪游戏,2013,10,21
729,729,15万奖金开抢 深圳“艺极杯”电子竞技锦标赛开启,新浪游戏,2013,10,18
730,730,“艺极杯”2013年深圳市电子竞技锦标赛报名规程,新浪游戏,2013,9,24
731,731,深圳电子竞技运动协会致电子竞技玩家的一封信,新浪游戏,2013,9,18
732,732,电子竞技传递正能量 后浪推前浪先把前浪当榜样,钱江晚报,2013,8,9
733,733,乌鲁木齐电子竞技职业玩家：生活不是“穿越火线”,亚心网,2013,7,17
734,734,电子竞技历史性变革 美承认玩家运动员身份,大洋网-广州日报,2013,7,16
735,735,韩国电子竞技已处世界巅峰 团队执行力难以比拟,新闻晨报,2013,7,15
736,736,“电竞李娜”李晓峰：电子竞技传递着一种信心,今日早报,2013,6,22
737,737,中国电子竞技正能量等你来战 让游戏回归竞技,汉网-武汉晚报,2013,6,22
738,738,中国首家电子竞技主题邮局在宁揭牌 首套“三国杀明信片手札”发售,中国江苏网,2013,6,1
739,739,入行电子竞技不能仅凭热情 勿以梦想为由逃避现实,东方网-文汇报,2013,4,19
740,740,武汉将办电子竞技联赛 参赛者可申请国家二级运动员,汉网-长江日报,2013,4,18
741,741,电子竞技成体育“弃儿” 禁播险要命时势造英雄,东方网-文汇报,2013,4,18
742,742,大学生联赛设立电子竞技 福建鼓励全省学生打游戏？,东南快报,2013,4,7
743,743,国家体育总局杨英：中国体育需要电子竞技 ,,2013,3,31
744,744,电子竞技正名还需正身,人民网-人民日报,2013,3,27
745,745,世界冠军也能玩出来 电子竞技国家队引发口水战,人民网-人民日报海外版,2013,3,27
746,746,体操队小伙要“拜师”电子竞技国手,新浪游戏,2013,3,26
747,747,《北京您早》 电子竞技算不算体育引网络热议电竞项目需正名更需正确发展,,2013,3,26
748,748,有必要成立“电子竞技国家队”吗？,新闻晚报,2013,3,25
749,749,国家体育总局拟成立电子竞技国家队,新闻晨报,2013,3,25
750,750,“电子竞技国家队”何以招致调侃,红网,2013,3,25
751,751,中文解说：国家规定电子竞技是体育项目,新浪体育,2013,3,24
752,752,电子竞技国家队组建惹争议 陈一冰调侃：我也要参加,新浪游戏,2013,3,24
753,753,《津晨播报》 机友集体发烧2013电子竞技派对举行,,2013,2,4
754,754,图集：电子竞技现场,其他,2012,9,3
755,755,星际争霸1时代终结 看电子竞技的现在和未来,新浪游戏,2012,8,7
756,756,《暗黑破坏神3》成为电子竞技的可能性,,2012,7,19
757,757,Tt展现完美游戏装备 CCJOY电子竞技大赛广州赛区落幕,太平洋电脑网,2011,11,25
758,758,电子竞技进入网游化时代,中华工商时报,2011,9,26
759,759,“水立方”上演电子竞技嘉年华,中华工商时报,2011,9,19
760,760,NEST2013全国电子竞技大赛总决赛赛制,新浪游戏,2013,10,22
761,761,上海电子竞技运动中心启动 将办世界电子竞技职业赛,上海青年报,2013,9,23
762,762,图集：国内首个永久性电子竞技专业场馆亮相上海,新浪,2013,8,14
763,763,高校电子竞技首获官方认可,荆楚网-楚天都市报,2013,4,20
764,764,国字号电子竞技队 体育健儿还是“游戏国家队”,IT时报,2013,4,8
765,765,网易正式发布电子游戏竞技战略,新浪科技,2013,4,3
766,766,视频：蔡雨晴代言电子竞技 小孽大秀身材,,2013,4,2
767,767,陶宏开炮轰电子竞技 玩家素质低 误国误民,,2013,3,28
768,768,公务员隐性福利受关注电子竞技国家队惹争议,东南网-福建日报,2013,3,28
769,769,电子竞技：玩的是“游戏”，却不能“儿戏”,中国青年报,2013,3,28
770,770,电子竞技算不算体育?,金羊网-羊城晚报,2013,3,28
771,771,《新闻夜总汇》 电子竞技国家队组建惹名将炮轰,,2013,3,26
772,772,羊城晚报“：电子竞技 不知者无罪,金羊网-羊城晚报,2013,3,26
773,773,国家体育总局组建电子竞技国家队 行业发展需引导,中国广播网,2013,3,25
774,774,跳水名将郑重向电子竞技道歉 何冲:已经教育过他,新浪体育,2013,3,24
775,775,网友力挺电子竞技组建国家队：别拿打游戏的不当人,大洋网-广州日报,2013,3,23
776,776,Sky:电竞不衰 选手依在 我爱电子竞技,新浪游戏,2012,12,3
777,777,电子竞技：虚拟世界的荣耀与痛苦,南方日报,2012,11,21
778,778,10月份电子竞技赛事汇总以及节目预告,,2012,10,11
779,779,Sky博客：回首十年 什么是电子竞技,新浪游戏,2012,8,22
3,3,“电子竞技俱乐部”是个什么部？ 神秘“身份证”背后摸不透的“网吧”,东方今报,2012,8,21
4,4,电子竞技冠军讲述成长故事,北京晨报,2012,7,25
5,5,“实况足球”电子竞技大赛报名中,信息时报,2012,6,29
6,6,2012台湾电子竞技公开赛高雄开战 菁英杯冠军获15万元,新浪游戏,2012,6,28
7,7,CS退出WCG？电子竞技平台的分割之战,新浪游戏,2012,6,18
8,8,独显七彩虹联手英伟达开展电子竞技赛,太平洋电脑网,2012,1,29
9,9,只为超越 WGT2012电子竞技大师赛总决赛开幕,新浪数码,2012,1,12
10,10,"战鼓擂 ""北通杯""全国高校电子竞技大赛开赛",天极网,2011,11,15
11,11,图集：ECL全球电子竞技精英赛启动仪式,其他,2011,10,20
12,12,迅游独家加速全国电子竞技大赛华北区决赛,新浪游戏,2011,10,17
13,13,电子游戏竞技风!Tt指挥官机箱售329元,太平洋电脑网,2011,10,1
14,14,威得不得了 魔蝎冰龙助威PLU电子竞技联赛,天极网,2011,9,28
16,16,《Firefall》聘请电竞美女发展电子竞技,新浪游戏,2011,9,21
17,17,中国首届3D电子竞技盛典9月3日登陆水立方,国际金融报,2011,8,29
18,18,i-Rocks登陆《体育人间》 引领电子竞技外设风向标,太平洋电脑网,2011,8,26
19,19,ChinaJoy2011电子竞技活动一览,,2011,7,27
20,20,大众软件：乱象背后 电子竞技联赛之困,新浪游戏,2011,7,25
21,21,CCM.南瓜:电子竞技发展要靠每个人的努力,新浪游戏,2011,7,8
22,22,视频：CCTV5《体育人间》电子竞技特别节目视频,,2011,7,6
23,23,梦三国OL漯河市第四届电子竞技大赛,新浪游戏,2011,1,26
24,24,Sky博客:我离不开电子竞技永留WE战队,新浪游戏,2010,11,18
25,25,电子竞技精彩体验!赛锐耳塞售价269元,泡泡网,2010,11,2
26,26,飞利浦显示器携手百脑汇2010年电子竞技节,天极网,2010,10,25
27,27,中德电子竞技友谊赛在世博园德国馆开赛,中国广播网,2010,9,10
28,28,技嘉科技协办中德两国电子竞技友谊赛,泡泡网,2010,9,10
29,29,中富美林湖三期举办“Wii电子竞技赛”,新浪房产,2010,9,3
30,30,OSL主办方郭在根：电子竞技的里程碑 ,新浪游戏,2010,8,30
31,31,msi微星全球电子竞技Beat it王者挑战赛,IT168.com,2010,8,23
32,32,2010年全国电子竞技公开赛现场乘车路线,中关村在线,2010,8,7
33,33,全国电子竞技公开赛8月开战 设足球篮球等4大项,新浪体育,2010,7,20
34,34,吹响号角 源科杯首届电子竞技挑战赛开打,天极网,2010,6,21
35,35,直击2010北通杯高校电子竞技大赛总决赛盛况,天极网,2010,6,17
36,36,2010中国电子竞技春天来临期待更好,新浪游戏,2010,5,14
37,37,中国国家级电子竞技超级联赛揭幕,新浪游戏,2010,5,7
38,38,专业电子竞技激光鼠 Ikari双双到货昆明,IT168.com,2010,4,19
39,39,《电子竞技》:星际2开创电竞新时代,,2010,3,18
41,41,DNK电子竞技大赛第四次周赛资格名单,新浪游戏,2010,3,12
42,42,东方体育棋哥：电子竞技该平反了！,东方体育日报,2010,3,11
43,43,首届电子竞技联赛即将推出 棋牌网游小试身手,新浪游戏,2010,3,1
44,44,电子竞技课程排入学校课程方案,新浪游戏,2010,2,26
45,45,电子竞技烽烟再起 开学游戏专用台式电脑(2),Pchome电脑之家,2010,2,25
46,46,光华电子竞技公益基金揭幕,中国青年报,2010,2,2
47,47,DOLBY AXON杯电子竞技决赛即将打响,新浪游戏,2010,1,7
48,48,电子竞技高手今日论剑西湖,钱江晚报,2009,12,12
49,49,为想乐狂2009联想IEST国际电子竞技收官,IT168.com,2009,11,23
50,50,电子竞技奥运会成都开幕,四川新闻网-成都商报,2009,11,12
51,51,电子竞技美女秀(2),,2009,11,2
52,52,百脑汇 飞利浦显示器杯电子竞技节,Pchome电脑之家,2009,9,14
53,53,《弹头奇兵》商都杯网吧电子竞技塞,新浪游戏,2009,8,11
54,54,如何名利双收？PC厂商赞助电子竞技之惑,中关村在线,2009,7,6
55,55,暴雪高校电子竞技对抗赛上演(二),,2009,5,26
56,56,“电子竞技俱乐部”在汉闹翻天,汉网,2009,3,28
57,57,电子竞技首次纳入国产网游,北京商报,2009,3,27
58,58,世界电子竞技大赛总决赛将首次在中国举行,新华网,2009,3,3
59,59,全省电子竞技联赛今起报名,扬子晚报,2009,2,10
260,260,Sky:电子竞技的发展需要成功商业运作,新浪游戏,2013,1,6
261,261,电子竞技全球总决赛 中国夺3冠创历史首夺国家杯,新华网,2012,12,2
262,262,首届海峡两岸大学生电子竞技比赛将在福州举行,台海网,2012,11,19
263,263,首届海峡两岸大学生电子竞技比赛将于福州举行,新华网,2012,11,15
264,264,福布斯称电子竞技或在2020年进军奥运会,新浪游戏,2012,8,29
265,265,电子竞技风起云涌：有望成为下一个“奥运会”,科技时代,2012,8,20
266,266,电子竞技WCG2012上海赛区落幕 ,新闻晚报,2012,8,15
267,267,WCG反恐精英Online化 电子竞技行业面临空档期,新浪游戏,2012,6,21
288,288,中国电子竞技几分重 DotA类网游路在何方,新浪游戏,2012,4,28
289,289,专访台湾美女神族Luway:电子竞技不是比力气,,2012,3,21
290,290,从斯诺克运动看电子竞技发展,,2012,3,11
291,291,电子鸦片体育竞技 十年电竞争议四起,新浪游戏,2012,2,17
292,292,《电竞》好手云集2012台湾电子竞技公开赛正式开幕,新浪游戏,2012,1,16
293,293,江苏昆山将连续两年举办世界电子竞技大赛全球总决赛,中国经济网,2011,11,19
294,294,首个3G电子竞技举行 四高校高手巅峰对决,新浪科技,2011,11,1
295,295,全球电子竞技精英赛开赛,北京晚报,2011,10,24
296,296,网游投奔电子竞技欲促行业回暖,北京商报,2011,10,12
297,297,融科•玖御半岛十一盛大公开 六大网站联合电子竞技,无锡新浪乐居,2011,9,30
299,299,推动3D产业发展 AOC参展首届3D电子竞技盛典,天极网,2011,9,6
373,373,电子竞技游戏键鼠 双飞燕G1000A售239,泡泡网,2011,8,14
374,374,王健林爱子入主电子竞技界 电竞迎来最具实力投资商,四川新闻网-成都商报,2011,8,3
375,375,接掌中国电子竞技大旗 全国电子竞技大赛启动,新浪游戏,2011,7,6
376,376,电子竞技的商业运作 要向NBA看齐,,2011,6,30
377,377,老牌世界电子竞技赛事CPL线上选拔赛开启,新浪游戏,2011,5,26
378,378,《龙之谷》北通杯ECL高校电子竞技决赛14日打响,新浪游戏,2011,5,12
379,379,网易战网2.0新功能及电子竞技的美好前景,新浪游戏,2011,4,29
380,380,阿凡龙试玩：全新类型的电子竞技网游,新浪游戏,2011,3,18
381,381,菲律宾开设电子竞技课程：授课星际2与DOTA,新浪游戏,2011,2,17
382,382,玩电子竞技比技巧比合作,星辰在线-长沙晚报,2010,12,30
383,383,百脑汇第三届电子竞技节完美落幕,新文化报,2010,11,26
384,384,电子竞技节决赛19日开战,新文化报,2010,11,17
385,385,百脑汇电子竞技节初赛4日开始,新文化报,2010,11,2
386,386,广州百脑汇第三届电子竞技节开幕 ,信息时报,2010,10,20
387,387,电子竞技利器!韩版酷讯DT35键盘到货榕城,太平洋电脑网,2010,9,20
388,388,中德电子竞技友谊赛亮相德国馆,经济日报,2010,9,17
389,389,评论：从竞技体育的共性读解电子竞技,新浪游戏,2010,9,8
390,390,2010年全国电子竞技公开赛开幕式召开,太平洋电脑网,2010,8,9
391,391,针对星际2纠纷 韩国或出台电子竞技法,新浪游戏,2010,7,29
392,392,世界级Chinajoy电子竞技齐聚四号馆,中关村在线,2010,7,28
393,393,全国电子竞技公开赛八月战深圳,中国青年报,2010,7,25
394,394,全国电子竞技公开赛赛前探营EHOME,新浪游戏,2010,7,13
395,395,星际2或被定为网游 电子竞技路在何方,新浪游戏,2010,6,26
396,396,ECL电子竞技联赛第二季将暂不引入《星际2》,新浪游戏,2010,6,21
397,397,2010年度电子竞技国家集训队选拔赛今日在京开幕,新浪体育,2010,5,22
398,398,海泰杯电子竞技大赛招募名嘴解说,新浪游戏,2010,5,17
399,399,广电向一度遭封杀电子竞技节目伸橄榄枝,新浪游戏,2010,5,7
401,401,广电伸出橄榄枝 电子竞技节目现转机 ,每日经济新闻,2010,5,7
402,402,中国电子竞技超级联赛揭幕仪式在钓鱼台国宾馆举行,新浪游戏,2010,4,29
403,403,东体：电子竞技该平反了！,东方体育日报,2010,3,11
404,404,邓亚萍：电子竞技将是未来重要比赛项目,人民网,2010,3,4
405,405,电子竞技烽烟再起 开学游戏专用台式电脑(3),Pchome电脑之家,2010,2,25
406,406,精彩无限好礼不断 JJ打造棋牌电子竞技第一品牌,新浪游戏,2010,2,10
407,407,电子竞技世界冠军加入游趣网络任策划,新浪游戏,2010,2,5
408,408,国内首个电子竞技示范基地落户北京 ,新浪游戏,2010,2,1
409,409,ECL电子竞技联赛获得国家体育总局肯定,新浪游戏,2010,1,28
410,410,《反恐行动》电子竞技大赛决赛之前,新浪游戏,2010,1,15
411,411,电子竞技有望进2014年亚运 中国电竞选手期待参赛,四川新闻网-成都商报,2010,1,5
412,412,助力电子竞技 宇瞻WCG纪念版U盘评测(2),中关村在线,2009,12,2
413,413,百脑汇第二届电子竞技节落幕,北京商报,2009,10,28
414,414,《反恐行动》电子竞技大赛周赛战报,,2009,10,16
415,415,光谷将举行电子竞技大赛,荆楚网-湖北日报,2009,10,3
416,416,《反恐行动》电子竞技大赛豪放开赛,新浪游戏,2009,9,29
417,417,暴雪嘉年华三大电子竞技赛事冠军揭晓,新浪游戏,2009,8,24
418,418,创新电子竞技 哈帝斯科技产品国内上市,中关村在线,2009,8,18
419,419,吃完大餐连盘子都端走 曼联球星玩电子竞技欲罢不能 ,浙江在线-钱江晚报,2009,7,26
420,420,全球顶级电子竞技赛花落成都,四川在线-华西都市报,2009,7,10
421,421,视频：知名选手TED、SYC做客新浪谈电子竞技,,2009,6,15
422,422,暴雪北大清华电子竞技对抗赛成功举办,北京商报,2009,6,1
423,423,暴雪高校电子竞技对抗赛上演(一),,2009,5,25
424,424,北京欢乐谷上演电子竞技“华山论剑”（图）,中国新闻网,2009,5,22
425,425,IEF09电子竞技大赛武汉站预选赛公告,新浪游戏,2009,5,21
426,426,很多电子竞技俱乐部变成营利网吧,大河网-河南商报,2009,4,20
427,427,金山：电子竞技发展之路任重而道远,新浪游戏,2009,3,26
428,428,北京电子竞技公开赛在龙潭湖中心岛举行,北京日报,2009,1,30
641,641,全国电子竞技大赛总决赛 星际争霸2总决赛TOP夺冠,新浪体育,2013,11,10
642,642,电子竞技比肩传统体育？仍然难获认可,新浪游戏,2013,10,30
643,643,电子竞技和下棋本质一样,新民晚报,2013,10,20
644,644,2013NEST全国电子竞技大赛线上预选超4000人报名,新浪体育,2013,9,26
645,645,术业有专攻 电子竞技发展需专业人才,新浪游戏,2013,9,26
646,646,“艺极杯”2013年深圳市电子竞技锦标赛,新浪游戏,2013,9,18
647,647,美国承认电子竞技玩家运动员身份 可获工作签证,新闻晨报,2013,7,15
648,648,亚室会电子竞技陈炜夺银：要圆中国足球世界冠军梦,钱江晚报,2013,7,5
649,649,电子竞技选手一日生活实录,深圳商报,2013,3,31
650,650,电子竞技选手的生活:6人1房9人4菜1汤 每月2500,成都商报,2013,3,31
651,651,羊城晚报：电子竞技算不算体育,金羊网-羊城晚报,2013,3,28
652,652,揭开电子竞技真正面目 待遇吸引人入行需谨慎,大连晚报,2013,3,28
653,653,“电子竞技算不算体育”引发争议 何冲兄弟公开道歉,晶报,2013,3,26
654,654,《新闻晨报》文章：电子竞技被社会误解,,2013,3,25
655,655,《午间视野》 体育总局决定成立电子竞技国家队被疑是否算体育,,2013,3,25
656,656,上海青年报：电子竞技你以为就是打打游戏?,上海青年报,2013,3,25
657,657,电子竞技算不算体育项目,东方早报,2013,3,25
658,658,电子竞技成立国家队引发争议 专业人士称被社会误解,新闻晨报,2013,3,25
733,733,世界电子竞技大赛总决赛中国队提前锁定两金,东方今报,2012,12,3
734,734,世界电子竞技大赛总决赛次日中国队表现出色,新华网,2012,11,30
735,735,2012世界电子竞技大赛将于29日昆山开赛,新华网,2012,11,28
736,736,暴雪总裁Mike：暗黑3设计并不是为了电子竞技,新浪游戏,2012,11,23
737,737,暴雪：中国电子竞技产业值得期待,新京报,2012,10,15
738,738,“中国电子竞技产业值得期待”,新京报,2012,10,15
739,739,视频:《反恐精英CS1.6》9周年国际电子竞技回顾,,2012,9,10
740,740,Riot Games创始人：电子竞技最终入奥,新浪游戏,2012,8,21
741,741,漳州人民广场欢乐城：首义广场电子竞技场成亲子狂欢大本营,PRNEWS.cn中国商业电讯,2012,8,8
742,742,2012台湾电子竞技公开赛正式开幕！,新浪游戏,2012,7,24
743,743,2012台湾电子竞技公开赛进入倒计时,新浪游戏,2012,7,18
744,744,电子竞技俱乐部联盟DotA职业联赛在京启动,北京晨报,2012,5,25
745,745,电子竞技选手有望获世锦赛资格 海选比拼两大项目,中国体育报,2012,5,15
746,746,新闻晚报报道不实 丑化电子竞技不负责任,新浪游戏,2012,4,12
747,747,专家:电子竞技提升智力超国象 叶江川称各有优势,四川新闻网-成都商报,2012,3,13
748,748,《电竞》盛事2012台湾电子竞技公开赛冬季总决赛即将开幕,新浪游戏,2012,1,13
750,750,WGT2012电子竞技大师赛总决赛开幕多赛事携手合作,新浪游戏,2012,1,11
751,751,Longdd获年度最佳电子竞技运动员,新浪游戏,2012,1,11
752,752,2011电子竞技项目奖金榜 DOTA2排第二,新浪游戏,2012,1,9
753,753,竞游ECL电子竞技冠军联赛举行,中国青年报,2011,12,18
754,754,竞游ECL全球电子竞技精英赛收官,中国青年报,2011,10,30
755,755,全球电子竞技精英赛落幕,北京晚报,2011,10,26
756,756,PCGL电子竞技联赛Dota海选第三周对阵出炉,新浪游戏,2011,10,24
757,757,《特种部队》入围世界电子竞技大赛,中国经济时报,2011,9,23
758,758,电子竞技杂志主编：感谢《体育人间》,新浪游戏,2011,7,8
759,759,成都首届电子竞技赛进行 旨在提高市民电竞水平,四川新闻网-成都日报,2011,6,20
760,760,DN北通杯ECL高校电子竞技决赛14日打响,,2011,5,13
761,761,大学生激辩电子竞技 社会该如何接纳游戏,新浪游戏,2011,4,14
762,762,《电子竞技》2010年度最佳出炉 ,新浪游戏,2011,3,1
763,763,深圳“万科·红”杯电子竞技挑战赛,新浪游戏,2011,1,11
764,764,电子竞技生存实录：中国刚刚起步 韩巨星受总统接见(2),东方体育日报,2010,12,10
765,765,德国冰豹 高端电子竞技鼠标市场热卖,中关村在线,2010,11,26
766,766,上海北通高校电子竞技大赛火热报名中,泡泡网,2010,11,25
767,767,ROCCAT Pyra Wired电子竞技鼠标到货南宁,太平洋电脑网,2010,11,19
768,768,专为电子竞技而生！ 明基XL系列发布,泡泡网,2010,11,19
769,769,电子竞技在中国的无奈 当梦想照进现实,新浪游戏,2010,11,15
770,770,电子竞技节复赛明日开战,新文化报,2010,11,12
771,771,玩家的心声：90后与电子竞技的浅谈,新浪游戏,2010,11,10
772,772,《梦三国OL》强力支持国内电子竞技赛事,新浪游戏,2010,10,25
773,773,百脑汇常州店电子竞技争霸火热报名中,Pchome电脑之家,2010,10,12
774,774,ReMinD:电子竞技拥有无穷大的潜力,新浪游戏,2010,9,25
775,775,世博会德国馆举行中德电子竞技友谊赛(图),新浪乐居,2010,9,10
776,776,大众软件：从竞技体育中读解电子竞技,新浪游戏,2010,9,9
777,777,体育总局官员：电子竞技是运动不等于网络游戏,法制晚报,2010,8,31
778,778,电子竞技觅路和WCG十年,三联生活周刊,2010,8,19
779,779,电子竞技产业待破冰,第一财经日报,2010,8,13
780,780,电子竞技大赛 职业玩家来竞技,CCTV《第一时间》,2010,8,11
781,781,全国电子竞技公开赛各项目抽签分组情况,中关村在线,2010,8,9
782,782,2010年全国电子竞技公开赛赛程火热公布,中关村在线,2010,8,5
783,783,赵黎:应大力发展电子竞技运动,新浪游戏,2010,7,28
784,784,2010年全国电子竞技公开赛8月8日深圳举行,中国广播网,2010,7,21
785,785,电子竞技展锋芒！Tt发布键盘鼠标产品,泡泡网,2010,6,11
786,786,石景山启动电子竞技中心,北京晨报,2010,5,12
787,787,首届全国电子竞技联赛启动 促进电竞运动健康发展,北京日报,2010,4,29
788,788,国家体育总局将中国电子竞技运动“出嫁”亚博,新华网,2010,4,28
789,789,竞游ECL2010电子竞技冠军联赛第一赛季赛决赛,新浪游戏,2010,4,26
790,790,中国电子竞技国家队将在北京公开选拔,国际在线,2010,4,16
791,791,DNK电子竞技大赛第三次周赛资格获取名单,新浪游戏,2010,3,5
792,792,邓亚萍：电子竞技将成重要比赛项目,新浪游戏,2010,3,4
793,793,电子竞技烽烟再起 开学游戏专用台式电脑(4),Pchome电脑之家,2010,2,25
794,794,竞游ECL 开创中国电子竞技新纪元,新浪游戏,2010,2,3
796,796,电子竞技有了公益基金,北京晚报,2010,1,31
797,797,杂评:电子竞技的瓶颈期该如何度过？,新浪游戏,2010,1,18
798,798,2014年 电子竞技要进亚运会,四川新闻网-成都商报,2010,1,5
799,799,韩国拟将电子竞技加入2014年亚运会,新浪游戏,2009,12,25
801,801,助力电子竞技 宇瞻WCG纪念版U盘评测(3),中关村在线,2009,12,2
802,802,顶级数码装备助力电子竞技,星辰在线-长沙晚报,2009,11,18
803,803,电子竞技 很火爆，非主流,计算机世界,2009,11,16
804,804,百脑汇电子竞技节落幕,北京晨报,2009,10,30
805,805,电子竞技装备 Tt Element T游戏机箱上市,天极网,2009,10,20
806,806,电子竞技闪亮珠江路电脑节,扬子晚报,2009,9,29
807,807,百脑汇广州店携手戴尔举办电子竞技赛(图),,2009,9,15
808,808,首届跑跑卡丁车电子竞技赛举行,星辰在线-长沙晚报,2009,8,15
809,809,全国11万大学生竞技电子商务 我省三学子脱颖而出,荆楚网-湖北日报,2009,7,26
810,810,参加动感地带电子竞技赢取丰富奖品,厦门网-厦门晚报,2009,7,24
811,811,chinajoy电子竞技比赛之魔兽观众挑战赛,IT.COM.CN,2009,7,24
812,812,电子竞技:技术手段与自我约束相结合,,2009,7,24
813,813,《电子竞技》专访：纵横丨丶潮潮,,2009,7,21
814,814,中国CS电子竞技第一人：从复出到高峰,华龙网-重庆晨报,2009,7,15
815,815,2009联想IEST国际电子竞技锦标赛开幕,Pchome电脑之家,2009,6,24
816,816,全省电子竞技运动会开赛 千余名游戏高手一比高下,青海新闻网,2009,6,19
817,817,格斗网游DNF引领新一轮电子竞技风潮,新浪游戏,2009,6,8
818,818,CF百城联赛战火重燃电子竞技升华开始,新浪游戏,2009,3,17
